ticker,date,price,volume,beta,rho,buy_signal,bb_dist
1101.TW,2026-09-29,25.299999237060547,31421,0.7754182855598095,0.4721696994826157,False,1.3064316501810325
1102.TW,2026-09-29,35.29999923706055,9642,0.2284125036414839,0.33016021443933824,False,0.4147880785931193
1103.TW,2026-09-29,13.0,250,0.26409808782939304,0.38812307444712363,False,-0.01899247497279255
1104.TW,2026-09-29,26.549999237060547,447,0.13140457064737696,0.15353908426824742,False,0.018655565972245824
1108.TW,2026-09-29,11.0,188,0.3420342901024052,0.6825492838925424,False,0.014575783847629253
1109.TW,2026-09-29,13.300000190734863,95,0.12128567340102203,0.4404621765652991,False,-0.03659050920562379
1110.TW,2026-09-29,14.350000381469727,1203,0.2603521966286192,0.25480973307147553,False,-0.6299319586346126
1201.TW,2026-09-29,11.5,838,-0.18989573457117348,-0.1752980626268796,False,-0.17567335378395654
1203.TW,2026-09-29,43.29999923706055,31,0.9115336742272843,0.43870573106853905,False,0.6853575536979406
1210.TW,2026-09-29,51.599998474121094,900,0.281275415381714,0.5102963402436805,False,0.026628308516215782
1215.TW,2026-09-29,105.5,438,0.3450756305105146,0.2992016539856282,False,-0.059409740090728747
1216.TW,2026-09-29,73.9000015258789,6513,0.08293891468796455,0.10813435697017161,False,-0.4618406670061148
1218.TW,2026-09-29,14.449999809265137,311,0.3788309295478389,0.5320092174815656,False,0.14525325977898795
1219.TW,2026-09-29,11.350000381469727,207,0.5104712803637044,0.5899370608839152,False,0.07409037480539382
1220.TW,2026-09-29,10.75,71,-0.08003118906827748,-0.11011041442130812,False,0.05515370326803648
1225.TW,2026-09-29,24.399999618530273,29,0.020072146545611094,0.019730010343134662,False,0.030030328128358263
1227.TW,2026-09-29,28.0,860,-0.07192195210653404,-0.14145858020668625,False,-0.10507347597625483
1229.TW,2026-09-29,39.54999923706055,3070,0.157584296321942,0.19409882505942416,False,-0.36219147104402083
1231.TW,2026-09-29,79.5999984741211,141,0.16748715366252526,0.30280163386565445,False,0.09793758977055234
1232.TW,2026-09-29,154.0,52,0.23436075857113212,0.4654652185029163,False,0.0012958256407671342
1233.TW,2026-09-29,27.600000381469727,13,0.13069832648751367,0.23005178634212878,False,-0.26806609125596736
1234.TW,2026-09-29,32.900001525878906,131,0.02209798321813809,0.06468943225427679,False,-0.12737037466375511
1235.TW,2026-09-29,32.849998474121094,89,1.5932894291489303,0.445469086915298,False,-1.2658747787189526
1236.TW,2026-09-29,25.350000381469727,21,0.12535444122026426,0.28424936798619094,False,-0.018245812119221938
1256.TW,2026-09-29,168.5,30,0.05297490120306779,0.062571580597537,False,0.8127188677057404
1301.TW,2026-09-29,64.5999984741211,34882,0.8992160929636126,0.5581957343489783,False,1.4686471070670706
1303.TW,2026-09-29,247.0,79107,0.5707439991286738,0.1891084186683796,False,21.717970980422223
1304.TW,2026-09-29,12.300000190734863,2770,0.09632604156120694,0.06252171185083547,False,0.12142338837152167
1305.TW,2026-09-29,12.100000381469727,1147,0.25311693462652696,0.1803398303130869,False,0.20877211243654514
1307.TW,2026-09-29,30.850000381469727,666,0.24042280655444256,0.49640555058480923,False,0.5105794333203164
1308.TW,2026-09-29,14.100000381469727,1555,0.12913686352893708,0.08042614394108218,False,0.10714945847239932
1309.TW,2026-09-29,13.649999618530273,1681,0.3038144882448809,0.18421110675900343,False,0.11140783663996778
1312.TW,2026-09-29,14.449999809265137,11399,0.2682302514036469,0.13227133701244564,False,0.26110250941956714
1313.TW,2026-09-29,12.050000190734863,1941,0.25451029133824493,0.21015977481469109,False,0.23536768415041465
1315.TW,2026-09-29,68.0999984741211,36,0.30190460133588637,0.581983428414244,False,2.5790567527570545
1316.TW,2026-09-29,10.449999809265137,699,0.6743030949304699,0.44511551930700055,False,-0.033034488841028775
1319.TW,2026-09-29,77.80000305175781,1282,0.3499990315277828,0.3149078796815549,False,-0.2781836719374837
1321.TW,2026-09-29,32.349998474121094,114,0.23873222120249185,0.46145050377780444,False,0.14190292450501119
1323.TW,2026-09-29,21.200000762939453,50,-0.14710401470619686,-0.24576206853564597,False,0.01402895935416737
1325.TW,2026-09-29,25.549999237060547,132,0.3779015554273688,0.3658254876077754,False,0.14397827464985724
1326.TW,2026-09-29,67.5,25559,1.5316964951314398,0.5616091060832306,False,1.475345462726139
1338.TW,2026-09-29,14.75,53,0.2085405316174154,0.21547311150817597,False,0.4905388770691488
1339.TW,2026-09-29,42.29999923706055,80,0.2651110014030434,0.36890503087317306,False,-0.22996121902045985
1342.TW,2026-09-29,101.0,73,0.2909799917664069,0.3641677647708946,False,1.1323074562960755
1402.TW,2026-09-29,27.75,5991,0.44151645477913726,0.3613858411379065,False,0.04434726383544785
1409.TW,2026-09-29,24.350000381469727,5894,0.9216541245793969,0.31647541276688446,False,0.527039748172264
1410.TW,2026-09-29,24.100000381469727,35,0.5257354468236317,0.4715489828358551,False,-0.001080369939035819
1414.TW,2026-09-29,17.5,110,0.1744547823688808,0.12933584362312522,False,0.5212746485346074
1416.TW,2026-09-29,11.350000381469727,249,0.19011845206870712,0.2674771815534814,False,0.08616755045499858
1418.TW,2026-09-29,18.299999237060547,24,0.2901213518157757,0.21206432257635766,False,0.9262818797803511
1419.TW,2026-09-29,65.5999984741211,57,0.5284602736405687,0.5385224865143378,False,0.030101075598267357
1423.TW,2026-09-29,34.349998474121094,6,0.12768571078442076,0.14132604439374846,False,-0.36772113956104135
1432.TW,2026-09-29,14.949999809265137,80,0.14739973224944214,0.5464697367931842,False,0.001503710252913848
1434.TW,2026-09-29,18.0,1341,0.44223910233457403,0.49323376299431615,False,0.32803844322803144
1435.TW,2026-09-29,21.75,6,1.586492673309421,0.7738617840399648,False,0.20850916370671868
1436.TW,2026-09-29,35.5,169,0.6710219651664633,0.4366213656896851,False,-0.5428921940551064
1437.TW,2026-09-29,31.850000381469727,71,0.22666196957537932,0.2947009017106127,False,0.14665334182318546
1438.TW,2026-09-29,21.149999618530273,81,0.5631968490427157,0.4100438946401419,False,0.5386352898235707
1439.TW,2026-09-29,28.149999618530273,4,0.6469408575380158,0.46126562659349324,True,-0.02174353875423307
1440.TW,2026-09-29,13.300000190734863,2971,-0.21488377323603092,-0.13962211143491499,False,0.18678492397537916
1442.TW,2026-09-29,26.899999618530273,645,0.4998429778266606,0.3939002501514794,False,-0.19266586016505727
1443.TW,2026-09-29,23.0,8,0.1391472217460223,0.15081498810276875,False,-0.08993166680062714
1446.TW,2026-09-29,13.350000381469727,158,0.3496879831708401,0.48467535308615567,False,0.06266019630362685
1449.TW,2026-09-29,12.350000381469727,200,0.33053527073020883,0.3305802510385764,False,0.20901818662334826
1451.TW,2026-09-29,16.899999618530273,117,0.2167044360143107,0.48761035613041387,False,-0.08829886039858081
1452.TW,2026-09-29,10.699999809265137,52,0.020409720962214783,0.035238526316129816,False,-0.0695100010072256
1453.TW,2026-09-29,10.800000190734863,12,0.2947595395166287,0.4194096626865053,False,-0.04687473101258277
1454.TW,2026-09-29,12.149999618530273,30,0.29490792892278717,0.21425639800778307,False,-0.009490289696433507
1456.TW,2026-09-29,14.600000381469727,95,-0.017548034855912897,-0.007818905591290708,False,0.7764386957111746
1457.TW,2026-09-29,14.300000190734863,76,0.0451559564061026,0.07975582155058712,False,-0.023585094113062866
1459.TW,2026-09-29,16.0,99,0.04835594744015654,0.046771968908210476,False,0.6594070176899844
1463.TW,2026-09-29,17.549999237060547,40,0.07350402694194964,0.07378214788596144,False,0.3809201942355074
1465.TW,2026-09-29,11.550000190734863,73,0.3561912069186162,0.3592928042815819,False,-0.01801677412300684
1466.TW,2026-09-29,14.850000381469727,188,0.49799007399090217,0.4978801983593724,False,0.14415424845580738
1468.TW,2026-09-29,13.149999618530273,59,0.49828737422116953,0.3970217274112444,False,0.2380974127355575
1470.TW,2026-09-29,23.450000762939453,5,0.7466336263273017,0.5317618014884048,False,-0.24396629317858043
1472.TW,2026-09-29,88.0999984741211,25,0.10447226808135522,0.149269933928505,False,0.688303704498793
1473.TW,2026-09-29,19.299999237060547,30,0.071359260400176,0.15479519201795353,False,-0.2054285811169123
1474.TW,2026-09-29,10.050000190734863,65,0.13878018282200566,0.19402666141849126,False,0.17380557424284682
1475.TW,2026-09-29,25.799999237060547,25,0.10934849789425644,0.14324819996439564,False,-0.16337576282183264
1477.TW,2026-09-29,190.0,516,0.21767676706593805,0.26544348385130845,False,-1.0930606573250543
1503.TW,2026-09-29,194.0,802,1.119428524804269,0.7441811981485129,False,-0.9981380871876127
1504.TW,2026-09-29,68.5,3282,0.45169717905618123,0.3947859285542004,False,-0.0849117892104374
1513.TW,2026-09-29,167.0,1783,0.6140630260314122,0.6861742435272428,False,3.6949563743855833
1514.TW,2026-09-29,102.0,1213,0.8132237419925777,0.6343253280039399,False,1.780650755188745
1517.TW,2026-09-29,10.350000381469727,128,0.2549194153112114,0.22157085178184965,False,0.10264176923614166
1519.TW,2026-09-29,688.0,1236,1.270641479971287,0.7250689263084917,False,-7.740299528471155
1521.TW,2026-09-29,25.549999237060547,23,0.0585454400531481,0.03917480976462259,False,0.7546051826857507
1522.TW,2026-09-29,26.549999237060547,346,0.6877071834221243,0.5344477778567376,False,1.0998725502046334
1524.TW,2026-09-29,25.850000381469727,146,0.3286793238252003,0.5418383503974712,False,0.07854600361940811
1525.TW,2026-09-29,63.70000076293945,20,0.24757908324866637,0.5013153943991543,False,-0.3879194028031776
1526.TW,2026-09-29,14.550000190734863,42,0.845859586017655,0.5811244037615725,False,-0.036933230481707824
1527.TW,2026-09-29,32.599998474121094,281,0.08509277404073227,0.29993145881088495,False,0.2557776442864679
1530.TW,2026-09-29,26.450000762939453,23,0.3494717734560267,0.3596102988613118,False,-0.23365278123211652
1531.TW,2026-09-29,11.600000381469727,60,0.22563712754201246,0.2523935210338439,False,0.011637007696759127
1532.TW,2026-09-29,22.100000381469727,344,0.34288762240904835,0.5313501132870713,False,-0.20769096630694506
1533.TW,2026-09-29,30.399999618530273,50,-0.030750930437945932,-0.040055960068271626,False,0.16726411783688988
1535.TW,2026-09-29,45.54999923706055,20,0.47219345039535826,0.6758410276297087,False,0.7435288247171172
1536.TW,2026-09-29,46.54999923706055,478,0.21845024339739713,0.2363636246047648,False,0.5104844570324545
1537.TW,2026-09-29,115.5,72,0.1895944937988753,0.27446406028762343,False,1.274841650732995
1539.TW,2026-09-29,15.449999809265137,28,0.1880921515026891,0.30901029171271016,False,-0.046992892535998365
1540.TW,2026-09-29,19.350000381469727,88,0.1318623438760326,0.19693014425387265,False,0.08168650939312627
1541.TW,2026-09-29,21.0,8,0.5522037312568016,0.5435034865702593,False,0.17654955432092123
1558.TW,2026-09-29,114.0,171,-0.3103061671420601,-0.3453097938700484,False,9.307360895665823
1568.TW,2026-09-29,32.400001525878906,687,0.7474373447030923,0.3717255445040835,False,3.99242922753281
1582.TW,2026-09-29,70.0999984741211,282,0.4539351526083993,0.4996542302774678,False,0.9645672310002027
1583.TW,2026-09-29,46.95000076293945,12,0.5263359504714903,0.5081375836585377,False,0.378841557898582
1587.TW,2026-09-29,23.850000381469727,139,-0.004610312078828465,-0.006392876789379011,False,0.3948422162065768
1598.TW,2026-09-29,20.299999237060547,163,0.6484906904932809,0.45776274943627626,False,0.27294091501175544
1603.TW,2026-09-29,30.049999237060547,155,0.20187243960337076,0.3589297393687778,False,0.07517109461155158
1604.TW,2026-09-29,23.299999237060547,165,0.1475342189871475,0.4828672001339874,False,-0.025845375138242588
1605.TW,2026-09-29,36.349998474121094,9487,0.42131095991289796,0.43664532691010266,False,-0.15899428059860554
1608.TW,2026-09-29,35.20000076293945,1541,0.2381769437689013,0.2627532024690024,False,-0.23216514212945327
1609.TW,2026-09-29,38.5,4911,0.015000639690285504,0.01838003004077009,False,1.3172646743642957
1611.TW,2026-09-29,11.350000381469727,416,0.04884916537494744,0.04301352584913188,False,0.05724074058590389
1612.TW,2026-09-29,35.349998474121094,533,-0.005055919505913086,-0.008866147815068013,False,0.7089877498764281
1614.TW,2026-09-29,31.049999237060547,116,0.224140526647447,0.4493465658989418,False,0.4057391627886453
1615.TW,2026-09-29,42.599998474121094,92,-0.006748979479354205,-0.01670712867827219,False,-0.19661670080055416
1616.TW,2026-09-29,18.299999237060547,105,0.29489319585268575,0.3006190674155169,False,0.06627426153366045
1618.TW,2026-09-29,38.349998474121094,242,0.18520510648942157,0.32971874145046565,False,-0.20710577643631467
1623.TW,2026-09-29,198.0,28,0.7183337116521532,0.3221094106338168,False,-0.6951983712512799
1702.TW,2026-09-29,32.95000076293945,134,0.2984720519016808,0.585197207726967,False,0.6117763009544603
1707.TW,2026-09-29,85.9000015258789,427,0.535761990398684,0.5687867279721703,False,-0.36672579063986177
1708.TW,2026-09-29,52.0,4649,0.4040916090760701,0.25066953261202546,False,3.161776143375768
1710.TW,2026-09-29,16.549999237060547,3644,-0.12327600364694619,-0.06312660865569458,False,0.782981668612555
1712.TW,2026-09-29,39.599998474121094,584,0.02117717783865061,0.027518330556948845,False,-0.051879409344728344
1713.TW,2026-09-29,41.79999923706055,124,0.2191239258962845,0.2932723242572135,False,0.46343390060833656
1718.TW,2026-09-29,10.550000190734863,4996,0.5104347980925693,0.2771431583735564,False,0.14413018408099276
1720.TW,2026-09-29,56.099998474121094,125,-0.03144690859280628,-0.0855342981763406,False,0.20958247050180745
1722.TW,2026-09-29,41.150001525878906,2888,0.3209205413533579,0.5392506932385843,True,-0.37898322343033897
1723.TW,2026-09-29,80.0,537,-0.251413127285973,-0.314968929991795,False,0.19468069870012528
1725.TW,2026-09-29,34.0,40,0.5521357391043811,0.5601490553910453,False,2.3170961570658406
1726.TW,2026-09-29,76.19999694824219,18,0.1173788050710955,0.3555854749052227,False,-0.2664348827045018
1730.TW,2026-09-29,51.20000076293945,21,0.06216368531584171,0.23538049154419305,False,0.018750805456960506
1731.TW,2026-09-29,20.850000381469727,131,0.1579497566995347,0.4331462627531101,False,0.031839811540248064
1732.TW,2026-09-29,25.950000762939453,56,0.20829054906586988,0.4178085626100508,False,0.07619440046560655
1733.TW,2026-09-29,29.450000762939453,269,0.30487747627549466,0.3041577565145923,False,-0.35949332741923
1734.TW,2026-09-29,32.099998474121094,128,0.3152082843089228,0.29591530988826525,False,1.5012639161191075
1735.TW,2026-09-29,20.049999237060547,16,1.348291364335578,0.7280006469334189,False,0.4102476597406408
1736.TW,2026-09-29,128.0,399,-0.23350660344439322,-0.13454206963640086,False,4.415051623638448
1737.TW,2026-09-29,29.950000762939453,193,-0.0961640286309138,-0.08235371003078192,False,-0.04421932829414388
1752.TW,2026-09-29,31.350000381469727,30,0.12287694642020351,0.2620510444986167,False,0.14200289538171518
1760.TW,2026-09-29,53.900001525878906,95,0.3645970485517355,0.4685333698498149,False,0.6600199147047903
1762.TW,2026-09-29,33.70000076293945,42,0.06577466456424205,0.07473088409340277,False,0.376993486569134
1773.TW,2026-09-29,167.5,906,0.9305577551877553,0.5094326384849867,False,8.990759805888615
1776.TW,2026-09-29,18.200000762939453,15,-0.019503552290732157,-0.02087959462729391,False,1.1351585168065483
1783.TW,2026-09-29,36.650001525878906,26,0.40084154282189643,0.5678654188720347,False,0.6948884904103068
1789.TW,2026-09-29,18.549999237060547,178,0.6007880121946766,0.2899088146044272,False,0.2453433745797824
1795.TW,2026-09-29,177.5,477,0.18092093880042245,0.17766857343535805,False,2.4920216409353486
1802.TW,2026-09-29,57.599998474121094,7966,1.1120329657862555,0.6037284557032274,False,0.1521426429676893
1805.TW,2026-09-29,10.050000190734863,193,0.1263415374176796,0.23620400770642283,False,0.004387804539742746
1808.TW,2026-09-29,31.600000381469727,500,0.29201984035931466,0.1376160576282242,False,-0.2513703022477358
1810.TW,2026-09-29,23.700000762939453,1042,0.33542409486392355,0.3768231077587018,False,0.19150960487388602
1817.TW,2026-09-29,39.849998474121094,46,0.16004555476488433,0.37057245208840456,False,-0.13276978116281413
1903.TW,2026-09-29,47.0,62,0.09198358319685261,0.1252711729300607,False,0.123277140650778
1904.TW,2026-09-29,24.25,2414,-0.004429919675223349,-0.0027954998903998505,False,-0.12724527455876
1905.TW,2026-09-29,12.850000381469727,3124,-0.07772386802695695,-0.06732814788606527,False,-0.14394506991305
1906.TW,2026-09-29,10.800000190734863,38,0.19535706248471846,0.3373036297268406,False,0.055479357350511904
1907.TW,2026-09-29,27.899999618530273,1303,-0.2990431492168693,-0.32130264273215686,False,-0.5493646006577961
2002.TW,2026-09-29,18.799999237060547,36555,0.1587127976688641,0.3248909432604838,False,0.16629257434794908
2006.TW,2026-09-29,85.4000015258789,1989,0.2022990890138715,0.11357057416550033,False,5.0937167747327265
2008.TW,2026-09-29,30.5,13,0.635318839206872,0.649268270432816,False,0.12144575827643322
2009.TW,2026-09-29,39.150001525878906,1670,0.480859269270766,0.329209282247144,False,0.5061370971921093
2010.TW,2026-09-29,22.450000762939453,1729,0.02653740614571988,0.029959916926918878,False,0.6759668088921984
2012.TW,2026-09-29,14.149999618530273,77,0.49412765453417257,0.7164844520174591,False,0.15115366631903626
2013.TW,2026-09-29,41.20000076293945,49,0.15608154028263355,0.40729721090401816,False,0.0014435686066534004
2014.TW,2026-09-29,16.799999237060547,4541,0.3920738351881761,0.5529965605984006,False,0.3389957042945788
2015.TW,2026-09-29,63.099998474121094,269,0.24142371309050548,0.34643682293361755,False,-0.7409187684094363
2020.TW,2026-09-29,24.299999237060547,5749,-0.4231122307140358,-0.1982547796297392,False,3.252094579317685
2023.TW,2026-09-29,13.550000190734863,1157,-0.11397046639659006,-0.13496061938548318,False,-0.027110070871845693
2024.TW,2026-09-29,12.75,5,0.4165273626070601,0.6036320465798493,False,-0.08770781776843428
2025.TW,2026-09-29,13.350000381469727,2028,0.176485228208249,0.11894446282981644,False,1.211569927003918
2027.TW,2026-09-29,47.150001525878906,12467,0.5170107237649882,0.3402319736990803,False,1.1766837292356414
2028.TW,2026-09-29,16.600000381469727,225,0.24516793521415892,0.2299077688452619,False,1.098345702552729
2029.TW,2026-09-29,22.149999618530273,825,0.12598662280355125,0.11755918732069413,False,1.33112361725669
2031.TW,2026-09-29,45.70000076293945,1840,0.1467847077387254,0.14416508055508456,False,1.8654835287691611
2038.TW,2026-09-29,12.649999618530273,1265,0.12763850930547987,0.10018412596228826,False,0.7106516003699195
2062.TW,2026-09-29,18.0,151,0.30773138362860253,0.42139092017887175,False,0.022437760497332704
2072.TW,2026-09-29,131.5,262,0.08463663154451449,0.0601119602839138,False,5.72075226216657
2101.TW,2026-09-29,29.799999237060547,1289,0.21645595459875408,0.27738999628424216,False,-0.044129979006463316
2104.TW,2026-09-29,10.699999809265137,6184,0.5990415964331358,0.19744423953523743,False,0.5781795845970841
2105.TW,2026-09-29,30.100000381469727,3383,0.26908007810582535,0.533200263988025,False,0.17294647958706122
2106.TW,2026-09-29,16.450000762939453,741,0.27277843976973876,0.28220816958816103,False,0.026197200276467214
2107.TW,2026-09-29,26.799999237060547,192,0.1874690486127016,0.279893625650441,False,0.16985724858830764
2108.TW,2026-09-29,28.200000762939453,458,0.23923363212916918,0.16509758172353406,False,0.12267280917856738
2109.TW,2026-09-29,14.350000381469727,310,0.12659517237493167,0.2553897355848052,False,0.13963605254031286
2114.TW,2026-09-29,89.69999694824219,22,0.20166307004946105,0.5017406323720764,False,0.8762590309545288
2115.TW,2026-09-29,23.700000762939453,39,0.16550835495903127,0.2852316782571672,False,0.02835063104856772
2201.TW,2026-09-29,29.200000762939453,1885,0.2149713398389932,0.12216778463866153,False,0.008467573237425086
2204.TW,2026-09-29,52.0,398,0.2923714217509879,0.5062440707427722,False,-0.09730555101877769
2206.TW,2026-09-29,62.5,409,0.19376249882324326,0.3715920101908103,False,-0.43603376543693173
2207.TW,2026-09-29,506.0,229,0.32560615767151735,0.24400707509228892,False,-7.462474472881468
2208.TW,2026-09-29,19.100000381469727,2634,0.19549984877629725,0.21032407405116418,False,0.34378155962403056
2211.TW,2026-09-29,78.80000305175781,1168,0.3131773290746259,0.4031424382171259,False,-0.884859273421938
2227.TW,2026-09-29,44.75,30,0.45772410953868087,0.5835627931492356,False,-0.3134768238832777
2228.TW,2026-09-29,75.0,35,-0.06019274073088277,-0.046386781276379754,False,1.0229528396253897
2231.TW,2026-09-29,92.0,141,0.35799428979718884,0.3479839052791135,False,2.7087370095631798
2233.TW,2026-09-29,168.0,453,1.1819726881854626,0.5631555784770772,False,10.20010153254924
2239.TW,2026-09-29,18.799999237060547,54,0.34922671723542503,0.3547618929267386,False,-0.09154434871870976
2247.TW,2026-09-29,223.0,33,0.34333260302448615,0.47466523508519937,False,-4.852260149525733
2248.TW,2026-09-29,61.5,7,-0.015265128434400671,-0.016326955481943517,False,1.7997882446287221
2250.TW,2026-09-29,56.79999923706055,14,0.5527948333940059,0.4825611112483959,False,1.3445116038957252
2302.TW,2026-09-29,45.29999923706055,3480,1.1988626363364228,0.43675830755560036,False,3.866086552186296
2312.TW,2026-09-29,30.700000762939453,3141,0.5886522648888628,0.3588422541620337,False,0.24289849727847823
2314.TW,2026-09-29,11.050000190734863,100,0.21234190357343063,0.07379504267713714,False,0.38055765354863347
2316.TW,2026-09-29,162.0,1374,1.1666935869722665,0.5712625044594672,False,7.283975537357094
2317.TW,2026-09-29,250.5,30593,0.8707893390210828,0.6790471800924789,False,2.8814526606959987
2323.TW,2026-09-29,10.699999809265137,4163,0.2210126395286241,0.23751417417958487,False,0.13726283749868706
2327.TW,2026-09-29,548.0,41035,2.8235068376162187,0.7891466552719827,False,16.62745311132187
2328.TW,2026-09-29,47.0,774,0.5834353370369992,0.417073133531358,False,1.4461829381734432
2329.TW,2026-09-29,43.79999923706055,1142,0.9756388282924386,0.6862260377037939,False,1.8442904066343786
2330.TW,2026-09-29,2475.0,25532,0.9061985656956869,0.8318926787447964,False,92.98956086291264
2331.TW,2026-09-29,18.700000762939453,541,0.43599199295429764,0.35496523515581674,False,0.068276869678769
2332.TW,2026-09-29,20.100000381469727,5200,1.09956091349926,0.5004408260004706,False,1.312028804519013
2337.TW,2026-09-29,118.5,15086,1.0571359277752983,0.45727722568040674,False,2.380875463832382
2347.TW,2026-09-29,94.5,4669,0.2771630604834997,0.20990077160765688,False,7.971169685079332
2348.TW,2026-09-29,70.5,278,0.3280664386638292,0.23189025717513206,False,0.38220102652667265
2349.TW,2026-09-29,10.399999618530273,1154,0.42286736140300485,0.4255219249379738,False,0.23099063154725563
2352.TW,2026-09-29,29.0,3577,0.3357004491863676,0.29967000404584193,False,0.53176636949242
2353.TW,2026-09-29,31.399999618530273,6286,0.610826292539895,0.3192408032981314,False,0.2787827843905646
2354.TW,2026-09-29,65.0999984741211,4878,0.44164493248300457,0.31704885615552386,False,0.6544446946912927
2355.TW,2026-09-29,41.599998474121094,1203,0.6273638487596584,0.45026719359380885,False,0.9698062043763613
2357.TW,2026-09-29,963.0,1659,1.0082460455713902,0.4438436753247425,False,30.374967175385905
2362.TW,2026-09-29,46.70000076293945,541,0.5282701386486299,0.326804500255254,False,-0.07486950851282614
2364.TW,2026-09-29,64.9000015258789,94,0.5004254393089461,0.26892009283277873,False,1.1720515470411073
2365.TW,2026-09-29,28.100000381469727,570,0.638629401633826,0.43413134105801693,False,0.4704102780115278
2367.TW,2026-09-29,42.25,2481,0.7652247133770614,0.48871416947534224,False,2.157480622982405
2369.TW,2026-09-29,31.600000381469727,4175,1.1987448204831492,0.6521849007320581,False,2.0435523259309143
2371.TW,2026-09-29,29.350000381469727,9013,0.6173837601023959,0.3571149838753797,False,1.7754214642468185
2373.TW,2026-09-29,52.5,27,0.3195641016794535,0.7404969231156999,False,-0.15551606019590736
2374.TW,2026-09-29,66.19999694824219,1129,0.12253623760678316,0.11975662602096149,False,0.14061386059569259
2375.TW,2026-09-29,117.5,942,1.2284989367807,0.5656484168168413,False,0.7604669870060548
2376.TW,2026-09-29,362.0,6918,0.743296233404745,0.5017445874661051,False,14.197190920150092
2377.TW,2026-09-29,151.0,2346,0.6885184789620674,0.2842372689322958,False,1.8967290414814784
2379.TW,2026-09-29,760.0,3049,0.8341078374092581,0.47337463196004154,False,71.53466882004045
2382.TW,2026-09-29,336.5,9817,0.796586142691835,0.4389131197036763,False,3.2014382338104497
2385.TW,2026-09-29,104.5,2224,0.1620388935009458,0.10849623762090904,False,0.7975910444028926
2387.TW,2026-09-29,36.25,164,0.2824603121145526,0.38046553310302855,False,0.09377566498019974
2390.TW,2026-09-29,10.199999809265137,260,-0.004828879059098905,-0.004804735197943635,False,0.21855615008395723
2393.TW,2026-09-29,63.599998474121094,1549,-0.02232121469607314,-0.01812613872552462,False,1.6116735593594953
2395.TW,2026-09-29,730.0,3625,0.5408576353787647,0.22864225632632224,False,66.86813301803579
2397.TW,2026-09-29,63.0,205,0.3521927079329158,0.2865922998634458,False,3.499178774009607
2399.TW,2026-09-29,49.20000076293945,9434,0.5551629456644112,0.23352066721550446,False,4.200522715580611
2401.TW,2026-09-29,26.049999237060547,2375,1.10211988325197,0.5939166059310438,False,1.690404335273744
2405.TW,2026-09-29,15.149999618530273,728,0.3169131953475109,0.3220974819638187,False,0.41708234405223443
2412.TW,2026-09-29,144.0,10525,-0.18100528784284997,-0.3512141668433852,False,6.847480091554473
2414.TW,2026-09-29,53.099998474121094,95,0.09890843022809447,0.13760745110660755,False,1.0394969342555314
2415.TW,2026-09-29,27.25,133,0.6355830157616941,0.5274578895831804,False,0.4860534233244387
2420.TW,2026-09-29,53.900001525878906,167,0.30404402094404565,0.4351030764758717,False,0.4915204448478008
2421.TW,2026-09-29,163.5,1736,1.1960991598542028,0.45935121818337754,False,3.2435263302647286
2423.TW,2026-09-29,72.0,128,0.582984619351505,0.6855863280327839,False,-0.36826220366191365
2425.TW,2026-09-29,37.45000076293945,320,0.7142656008255466,0.4291129646420764,False,1.1081703477296756
2427.TW,2026-09-29,23.25,269,-0.3290373294137148,-0.18111547731895916,False,1.3063470778973318
2428.TW,2026-09-29,251.5,628,0.8710741870726004,0.47835024597963605,False,2.2175137075884948
2429.TW,2026-09-29,30.649999618530273,166,0.5342363253043405,0.32710859993114155,False,0.463902686410556
2430.TW,2026-09-29,18.100000381469727,46,0.08556926435618062,0.17821599177540648,False,0.2968463613664305
2433.TW,2026-09-29,40.0,22,0.19604026074800146,0.41557505252436167,False,-0.15991227580720846
2439.TW,2026-09-29,78.0999984741211,1217,0.005089944719559303,0.004656490977237373,False,1.697605516166604
2440.TW,2026-09-29,14.149999618530273,236,0.6426724697604216,0.757598049950407,False,0.14192724065465256
2450.TW,2026-09-29,28.200000762939453,72,0.05352560205568274,0.24190598082227402,False,0.02656321644349191
2451.TW,2026-09-29,286.0,1566,0.689569956245205,0.4750132756939777,False,8.93774560290774
2453.TW,2026-09-29,53.5,145,-0.045440806113921976,-0.0293755566069702,False,1.858806281212324
2457.TW,2026-09-29,21.75,849,0.47541539014083967,0.31640060745834175,False,0.15756700980789518
2458.TW,2026-09-29,136.0,1643,0.5157501830659083,0.2754455273609822,False,9.332880199980181
2459.TW,2026-09-29,64.9000015258789,27,0.09089423348054336,0.324087768104246,False,-0.21999016103643498
2460.TW,2026-09-29,29.850000381469727,172,1.2365382242357057,0.4916764156323871,False,1.554199319835071
2461.TW,2026-09-29,17.399999618530273,260,0.2634873054897586,0.23972388260622074,False,0.031164806588538596
2462.TW,2026-09-29,19.850000381469727,118,0.657170401967299,0.458108981461614,False,0.7066608460368009
2471.TW,2026-09-29,51.29999923706055,188,-0.006449311515029764,-0.00734782770978034,False,1.779191661470179
2472.TW,2026-09-29,213.0,1505,1.583391136915921,0.5922050861145963,False,3.978169291731234
2474.TW,2026-09-29,205.5,1567,0.6501615231424519,0.6126838222558466,False,1.1199961479175897
2476.TW,2026-09-29,124.5,824,0.7594548417490321,0.5295543943609997,False,6.304981678833528
2477.TW,2026-09-29,23.100000381469727,148,0.24633908667843618,0.2524996748226218,False,1.6805704649012476
2478.TW,2026-09-29,117.5,1298,1.7179449648225118,0.5919668000127446,False,0.5005671062752697
2480.TW,2026-09-29,159.5,152,0.048716980499171315,0.05310799739075398,False,4.354516558634231
2482.TW,2026-09-29,16.350000381469727,105,-0.1736380057407471,-0.1378363736447397,False,0.6603681869002624
2485.TW,2026-09-29,39.75,1309,0.957793855245333,0.49777391320876,False,1.3382733785500918
2488.TW,2026-09-29,48.70000076293945,33,0.025668428989038785,0.06775325689841426,False,0.4683986382264962
2495.TW,2026-09-29,38.95000076293945,883,0.5373083558276859,0.3405123355405114,False,2.2981827762661595
2496.TW,2026-09-29,55.099998474121094,6,0.1009188239684565,0.23204118831862366,False,0.5107663442213948
2497.TW,2026-09-29,43.599998474121094,87,0.18371874784612452,0.199587730307109,False,0.5792927768250422
2498.TW,2026-09-29,43.0,8924,0.07177747158014942,0.0503919320151038,False,3.4836254010852272
2501.TW,2026-09-29,21.149999618530273,2204,0.30284592780926606,0.3435591335675716,False,-0.09446528365742779
2504.TW,2026-09-29,30.549999237060547,2039,0.3589475160618814,0.41628362660345836,False,-0.19278264721189586
2505.TW,2026-09-29,16.950000762939453,303,0.0589684377322419,0.06413286782512646,False,0.014723709809569385
2509.TW,2026-09-29,14.050000190734863,157,0.7404008374577978,0.5418537558930228,False,-0.1815049165299225
2514.TW,2026-09-29,11.399999618530273,34,0.39940272561476925,0.5408294465682908,False,-0.09389630530723281
2515.TW,2026-09-29,11.800000190734863,4171,0.1757480606423225,0.17669661083991411,False,-0.04172852596397192
2516.TW,2026-09-29,14.899999618530273,261,0.49103288535413825,0.31098068654067546,False,0.8769358613095335
2520.TW,2026-09-29,37.0,1043,0.13247824216755463,0.10772944673402407,False,0.8278984349353493
2524.TW,2026-09-29,34.25,56,1.4555827768597422,0.5274729853294262,False,0.6098363007651315
2528.TW,2026-09-29,19.299999237060547,316,0.5359837847198111,0.386091790686789,False,-0.17941309111069614
2530.TW,2026-09-29,20.100000381469727,400,0.38212837300663505,0.1751502231515377,False,1.1286250557474844
2534.TW,2026-09-29,16.899999618530273,213,-0.06886686492066078,-0.0887300657123139,False,0.16027815374264875
2535.TW,2026-09-29,89.0999984741211,113,0.10606712914091916,0.15892825656373577,False,0.2745756760954663
2536.TW,2026-09-29,19.149999618530273,608,0.5439069715585714,0.29018811844988496,False,0.44147525409644217
2537.TW,2026-09-29,11.25,538,0.2781194648052364,0.2537001872351977,False,0.05340272607090135
2539.TW,2026-09-29,34.0,1064,0.5847240494606722,0.3992646575575792,False,-0.25873465659844896
2540.TW,2026-09-29,47.599998474121094,460,0.28166281006905547,0.16065386773576495,False,0.372939310758305
2543.TW,2026-09-29,38.150001525878906,722,0.3153880087559806,0.2262333404118445,False,0.3505735629833282
2545.TW,2026-09-29,33.900001525878906,116,0.5528141763018001,0.4231445822534766,False,0.383552578587981
2546.TW,2026-09-29,106.0,140,-0.35024703867242846,-0.22565484445313153,False,2.8968542818022485
2548.TW,2026-09-29,92.19999694824219,1191,0.3781571792201605,0.30422373595302815,False,-0.08627044537121265
2597.TW,2026-09-29,167.0,88,0.3957781593521483,0.36954985085184433,False,-0.4528605047023575
2603.TW,2026-09-29,238.0,6236,0.19004618607038645,0.13750219178981143,False,6.181989230073867
2605.TW,2026-09-29,35.400001525878906,10024,0.321209825777645,0.18076417219361757,False,0.17630763541751548
2606.TW,2026-09-29,73.4000015258789,4952,0.44955931119161685,0.2695685921208571,False,-1.5556988213464678
2607.TW,2026-09-29,53.099998474121094,391,0.2020980932877404,0.3487037431618613,False,0.12918667154696095
2608.TW,2026-09-29,28.549999237060547,215,0.11156792163230918,0.24866821820012178,False,0.09652510589420515
2609.TW,2026-09-29,58.400001525878906,23539,-0.17879685598809633,-0.12285964366613238,False,0.8775281905274568
2610.TW,2026-09-29,20.100000381469727,7833,0.05773464542228339,0.06893856369104853,False,0.012933686854054827
2611.TW,2026-09-29,14.050000190734863,224,0.14575769376596964,0.17826790520223545,False,0.154947632713494
2612.TW,2026-09-29,60.79999923706055,388,0.2926964462447451,0.21500187628685183,False,-0.47312517844251545
2613.TW,2026-09-29,21.950000762939453,111,0.3106876409683705,0.37485746613969945,False,-0.05353089880187056
2614.TW,2026-09-29,18.850000381469727,2882,-0.021029618502645068,-0.021421536340459384,False,1.0223712909974552
2615.TW,2026-09-29,111.0,9971,0.3149209388498613,0.13639207229075376,False,-0.22442588726079293
2616.TW,2026-09-29,13.199999809265137,54,-0.0005229389868468689,-0.0019499184892462695,False,-0.033661887087054865
2617.TW,2026-09-29,31.25,2312,0.45283735674517106,0.27186715090770863,False,-0.3341180900873866
2618.TW,2026-09-29,41.5,14336,0.1373987230558336,0.1265115328031896,False,-0.06747948841344709
2630.TW,2026-09-29,46.29999923706055,462,0.4462334677358163,0.37562370741751827,False,0.0969921683778665
2633.TW,2026-09-29,25.450000762939453,6247,-0.0005228032057376502,-0.0012955036296215185,False,-0.19056094306856863
2634.TW,2026-09-29,63.099998474121094,4581,0.6255244918253154,0.3870760463671398,False,0.373547142491347
2636.TW,2026-09-29,70.4000015258789,222,0.25945724343586934,0.24662851581341075,False,1.396247266127716
2637.TW,2026-09-29,95.0,4489,0.42320811394049085,0.19462501402133525,False,-1.3530439828029728
2642.TW,2026-09-29,20.299999237060547,24,0.09989763182802476,0.21261547681814025,False,0.09847192442330055
2645.TW,2026-09-29,172.0,376,0.5409004642319563,0.5496414812909879,False,0.9073265941736679
2646.TW,2026-09-29,20.049999237060547,2793,0.06309365694736505,0.09155933114028533,False,-0.056970933668868184
2701.TW,2026-09-29,10.25,27,0.210116746163403,0.4229847519300426,True,-0.02992895635617998
2702.TW,2026-09-29,12.649999618530273,11,0.13338319019805583,0.2730415760222435,False,0.0014409763660605535
2704.TW,2026-09-29,45.0,121,0.27972963504529935,0.3822110506459565,False,0.1291433161604587
2705.TW,2026-09-29,15.050000190734863,56,0.2402230983464562,0.4122629064825267,False,-0.09562676622443433
2706.TW,2026-09-29,12.100000381469727,93,0.006202676358766547,0.020639433830044632,False,0.0014453502877032065
2707.TW,2026-09-29,175.0,158,0.1758749302940103,0.47646049657859524,False,-1.4642956789982975
2712.TW,2026-09-29,13.399999618530273,10,0.5672899469390211,0.5678714969761806,False,-0.04036410030219528
2722.TW,2026-09-29,21.200000762939453,55,0.3913724495548022,0.5692536039735187,False,0.13460814089569695
2723.TW,2026-09-29,76.5999984741211,423,0.31455822626984903,0.2923772544643465,False,-0.6328063643112074
2727.TW,2026-09-29,235.0,427,-0.2046881699875226,-0.3238505417205296,False,8.10796190730855
2731.TW,2026-09-29,143.0,153,0.18260478560718776,0.2676761272747265,False,1.6524513722361291
2739.TW,2026-09-29,36.25,30,0.2562920296904756,0.5385877360731213,False,-0.30006097355358463
2748.TW,2026-09-29,38.70000076293945,25,0.10515730397763134,0.2232254986502581,False,0.0858094032283816
2753.TW,2026-09-29,179.0,109,-0.04159879482799323,-0.0682260390632208,False,1.449467881314149
2762.TW,2026-09-29,79.0,22,0.2972285354588741,0.620311317780163,False,-0.1411335571360155
2812.TW,2026-09-29,18.799999237060547,19260,-0.3420751805656736,-0.42959949515810475,False,-0.2322805217792343
2816.TW,2026-09-29,39.849998474121094,309,-0.2909263176758251,-0.2300772778190632,False,1.087114032261269
2820.TW,2026-09-29,16.850000381469727,2579,-0.3167524715438722,-0.3626656430144967,False,0.10722405838428983
2832.TW,2026-09-29,56.79999923706055,203,0.23973477810457552,0.28978599378881675,False,-0.3190050530798203
2834.TW,2026-09-29,17.600000381469727,32773,-0.06163675420348713,-0.04526725511884999,False,0.44923096881680635
2836.TW,2026-09-29,12.0,1866,-0.11101047394398784,-0.1306464567558413,False,-0.04308668136963156
2838.TW,2026-09-29,20.549999237060547,4374,-0.18177927187076828,-0.15939992263611358,False,0.03039065873455371
2845.TW,2026-09-29,13.100000381469727,9606,-0.1838204825878519,-0.13845996450793804,False,-0.02675233287992107
2850.TW,2026-09-29,161.0,649,0.044946401175881105,0.05061148019031066,False,4.346761033753268
2851.TW,2026-09-29,47.04999923706055,1827,-0.534761780753883,-0.34738670772667657,False,1.4233583534996583
2852.TW,2026-09-29,27.700000762939453,331,0.061507239278583585,0.1188848177504801,False,-0.14925444991749615
2881.TW,2026-09-29,151.5,14168,0.0882062375224596,0.06050625614041245,False,5.6579899204679975
2882.TW,2026-09-29,111.5,19157,0.21002766873572576,0.14250325527477278,False,1.6745803222409847
2885.TW,2026-09-29,68.69999694824219,20309,0.40383593503633464,0.3132996461542788,False,1.2710295790933657
2886.TW,2026-09-29,49.099998474121094,20839,-0.5514709165945912,-0.3897291287442511,False,0.09045145389615072
2887.TW,2026-09-29,41.79999923706055,46886,-0.06722746147124392,-0.040209000574179886,False,1.15486402770496
2889.TW,2026-09-29,16.399999618530273,8763,-0.24711658897190403,-0.19133643646449064,False,0.39197556194558203
2890.TW,2026-09-29,43.900001525878906,34577,-0.24187646119622985,-0.1964184421548134,False,1.7954675918381469
2891.TW,2026-09-29,68.69999694824219,27519,-0.1744548287878283,-0.1315086683685401,False,2.37418028271874
2897.TW,2026-09-29,10.949999809265137,4559,-0.29034354901366305,-0.2525489626661924,False,0.27878069597040067
2901.TW,2026-09-29,23.799999237060547,51,0.15263231017461978,0.07573470439685479,False,0.8610748794730725
2903.TW,2026-09-29,21.899999618530273,1112,0.17382207805635913,0.27874524540847023,False,-0.07730063110071939
2904.TW,2026-09-29,12.600000381469727,16,0.004737539993138582,0.010078748807635325,False,0.08851542694093517
2905.TW,2026-09-29,18.0,1235,-0.5727757376384157,-0.44170015236771454,False,0.20983828535958793
2906.TW,2026-09-29,13.300000190734863,67,0.20173838542128897,0.2499723825308702,False,-0.21453766981760403
2908.TW,2026-09-29,21.700000762939453,285,0.3088695522999032,0.4323729085233655,False,-0.16186063639094073
2910.TW,2026-09-29,23.100000381469727,20,0.41988947946936434,0.3480834851408469,False,-0.17085244891244145
2912.TW,2026-09-29,212.0,1491,-0.0655919691332644,-0.1377266338908124,False,-1.6270158809352324
2913.TW,2026-09-29,11.0,728,0.04400102444793913,0.056076981225812915,False,0.06226911245064137
2915.TW,2026-09-29,58.5,1552,0.36162413057751835,0.3131988915686767,False,2.2965258135832087
2939.TW,2026-09-29,20.25,51,-0.1650366126023112,-0.07516363492271426,False,0.8378226753409983
2945.TW,2026-09-29,39.79999923706055,25,0.27470875332108846,0.33883304546677934,False,0.3148480640797118
3004.TW,2026-09-29,117.5,84,0.3636223676237624,0.274219541237481,False,1.5834190231663996
3005.TW,2026-09-29,117.0,983,0.45943473672061946,0.3680364600156676,False,3.232741779650368
3010.TW,2026-09-29,125.0,368,0.3234008266507932,0.33356944006011663,False,1.6621969614227083
3013.TW,2026-09-29,84.0,637,1.0630904243734798,0.5066711885597394,False,1.8968402205058794
3014.TW,2026-09-29,143.5,3213,0.6852139042192148,0.5674380532768047,False,15.265533028806573
3015.TW,2026-09-29,53.70000076293945,341,0.5682469368755493,0.4956485111697822,False,2.2977857393098944
3017.TW,2026-09-29,3400.0,3707,1.8032745396129362,0.5327580101582107,False,172.44471437848188
3018.TW,2026-09-29,11.949999809265137,31,1.4812932262674559,0.5236378062253464,False,0.739180564643652
3023.TW,2026-09-29,307.5,883,0.6937592637094977,0.3390551274280543,True,-4.46023656283046
3024.TW,2026-09-29,14.199999809265137,937,0.24747914128938925,0.11993720406148047,False,0.10732963656972139
3025.TW,2026-09-29,52.400001525878906,70,-0.05265768722530695,-0.056759308472064514,False,1.9627842310567871
3027.TW,2026-09-29,18.399999618530273,130,0.5261483411653431,0.23389595220639905,False,0.8125035625001118
3028.TW,2026-09-29,62.70000076293945,531,0.1452115245314467,0.1303882355379421,False,1.73061892930793
3033.TW,2026-09-29,42.0,2108,-0.019232513718137386,-0.01854884554551052,False,1.0083580993935115
3034.TW,2026-09-29,540.0,2791,0.6977305633439812,0.43468434138574563,False,6.7378715517937735
3036.TW,2026-09-29,207.5,4541,0.7037081537024448,0.38278158713066557,False,19.294882198145558
3038.TW,2026-09-29,20.299999237060547,141,0.07502978713438276,0.17296437495472564,False,0.2851524473112512
3040.TW,2026-09-29,33.849998474121094,158,0.44901646949701673,0.29069416187299674,False,-0.05164737909607453
3041.TW,2026-09-29,23.600000381469727,342,0.7223926824044914,0.4103703206380498,False,1.2720756341254535
3043.TW,2026-09-29,20.100000381469727,97,0.7620084188991219,0.6993050687612541,False,-0.13002801977160416
3044.TW,2026-09-29,521.0,2301,0.9563783687100135,0.4679839044176098,False,33.75384401362601
3045.TW,2026-09-29,121.0,5736,-0.31167596415369564,-0.3938804273234187,False,4.188899359577974
3046.TW,2026-09-29,53.599998474121094,65,0.45196525187410397,0.43885835864689104,False,1.2642201817428003
3048.TW,2026-09-29,51.099998474121094,1041,0.8294346650711776,0.5791468884413176,False,1.3065449373826183
3049.TW,2026-09-29,12.149999618530273,2307,0.6279083949053487,0.398873405590968,False,0.22136631341802193
3050.TW,2026-09-29,11.649999618530273,316,0.3670772269394208,0.2898329985670496,False,0.4905064226710625
3051.TW,2026-09-29,22.649999618530273,336,0.6334477562737705,0.364381709517228,False,1.5387836305454492
3052.TW,2026-09-29,10.350000381469727,127,0.21385268536158825,0.40821044322307765,False,0.06260181941386023
3054.TW,2026-09-29,58.79999923706055,93,1.1044312675559629,0.6896765722935233,False,3.2835397899321634
3056.TW,2026-09-29,13.850000381469727,424,0.5977901847757421,0.41558435483622574,False,0.135501091145537
3057.TW,2026-09-29,16.25,85,0.6388583474409966,0.3590736899229282,False,0.3073026501593965
3059.TW,2026-09-29,37.849998474121094,753,0.26028970059987777,0.24451108937545044,False,0.4206980130054703
3060.TW,2026-09-29,27.450000762939453,2095,0.4972079235610938,0.26736330321673757,False,1.524117950839532
3090.TW,2026-09-29,161.0,1577,1.35804449533188,0.49319223128008294,False,0.5891731144117216
3092.TW,2026-09-29,22.75,148,0.8187474737389914,0.46600106663542623,False,0.4614786997552365
3130.TW,2026-09-29,209.0,40,0.11777470061773697,0.4533375392260458,False,0.7005261619859198
3149.TW,2026-09-29,67.30000305175781,9357,0.7336799496191059,0.2947709270152464,False,7.250786717667403
3164.TW,2026-09-29,16.600000381469727,103,0.048322668397617806,0.0513302984005934,False,0.916687331690099
3168.TW,2026-09-29,42.150001525878906,8,0.008471216405354231,0.008373553026224893,False,0.18571252228448287
3209.TW,2026-09-29,45.5,691,0.24266665677607438,0.19035115302127292,False,0.6627000879543843
3231.TW,2026-09-29,185.5,32101,0.4480882279986121,0.21651326054378264,False,5.91955015651277
3257.TW,2026-09-29,49.29999923706055,147,0.25309088136851665,0.2207036153312762,False,2.284664388401062
3266.TW,2026-09-29,13.75,43,0.6107798279785569,0.6764359523549743,False,-0.013547063270467063
3308.TW,2026-09-29,22.200000762939453,228,0.05841087762659863,0.060257091460534595,False,0.65574354090338
3321.TW,2026-09-29,18.149999618530273,139,0.28641322890697457,0.13671442510314527,False,1.159756872860953
3338.TW,2026-09-29,67.9000015258789,209,1.1806215779719549,0.5976109854065537,False,3.1977396313043585
3356.TW,2026-09-29,65.5999984741211,192,-0.5159852933714051,-0.4772346133262644,False,-1.0761308167027153
3413.TW,2026-09-29,291.0,730,0.5613374523505525,0.583348513018978,False,13.701523274982776
3416.TW,2026-09-29,162.0,161,0.8982963450119309,0.4686565714981527,False,4.1170122454970794
3432.TW,2026-09-29,14.800000190734863,15,0.4735458290160282,0.19158815581092134,False,0.6563142529295298
3447.TW,2026-09-29,27.149999618530273,54,0.8807906086516832,0.4321232485242725,False,0.2808140432403974
3481.TW,2026-09-29,49.75,103995,0.9000643390190415,0.46950617993422317,False,1.9246831225824863
3501.TW,2026-09-29,37.5,151,0.09070582005092336,0.20293124257110995,False,-0.32872473221222975
3528.TW,2026-09-29,84.69999694824219,131,0.7215524931072058,0.45103058964091247,False,3.359713241430299
3530.TW,2026-09-29,58.400001525878906,39,0.4410623311526349,0.31302902741699723,False,1.9447973733591155
3535.TW,2026-09-29,89.80000305175781,1108,1.3500973760560373,0.569469810477932,False,5.858493777912173
3545.TW,2026-09-29,51.900001525878906,503,0.42236890306209507,0.22319385160332045,False,2.8264694794912657
3557.TW,2026-09-29,22.799999237060547,30,0.6017755559171661,0.56540153752822,False,0.058780093344360296
3588.TW,2026-09-29,53.70000076293945,134,0.7009759196423409,0.47062859742933344,False,2.375181879993413
3592.TW,2026-09-29,225.0,258,0.3364153316464182,0.2758042505212702,False,5.3335972902706885
3596.TW,2026-09-29,153.5,450,0.3275833799608557,0.27316818029569195,False,1.1021409951955548
3607.TW,2026-09-29,13.699999809265137,55,0.0739094887534031,0.10345516079971931,False,0.15422154465309568
3617.TW,2026-09-29,240.5,259,0.5930887668521923,0.42111605006374303,False,1.4142193397438234
3645.TW,2026-09-29,72.69999694824219,1756,0.9593875838034146,0.4682776578425981,False,4.4920415988540014
3652.TW,2026-09-29,33.849998474121094,45,0.596859039806547,0.33524728438742946,False,1.5188393173664565
3669.TW,2026-09-29,32.45000076293945,49,-0.08240441660615172,-0.0579264888513663,False,0.6855369629672339
3673.TW,2026-09-29,68.69999694824219,11346,0.5613738778329699,0.2750424654070396,False,6.117407200717295
3679.TW,2026-09-29,108.5,9,-0.01249512151467782,-0.014867047011357003,False,1.5536671925042782
3686.TW,2026-09-29,14.850000381469727,41,0.8047343653516738,0.34802802269053573,False,0.9024860178528442
3694.TW,2026-09-29,50.400001525878906,240,0.4276688757187847,0.3860053246554078,False,1.1311346437161163
3701.TW,2026-09-29,41.75,553,0.5786591390872646,0.21541663206974507,False,1.8901730875549987
3703.TW,2026-09-29,19.5,1109,0.132106259660675,0.14019461585405782,False,-0.02859155207063324
3704.TW,2026-09-29,40.25,1129,0.23146423011399095,0.12674107418218647,False,0.8362655345313854
3705.TW,2026-09-29,55.900001525878906,125,0.18276971928891325,0.31480020162973477,False,0.2148715477883627
3706.TW,2026-09-29,78.9000015258789,2930,0.8894863147128067,0.590325802165454,False,0.5275089646822124
3708.TW,2026-09-29,97.5999984741211,307,0.29913668442986835,0.19758710577615943,False,1.8041300971371328
3712.TW,2026-09-29,20.649999618530273,426,0.4796441070214331,0.3669585774177602,False,0.14762198945909688
3716.TW,2026-09-29,33.900001525878906,134,-0.03522906975294909,-0.05544877476779276,False,0.2573292249686787
4104.TW,2026-09-29,72.0999984741211,136,0.07474687493470089,0.11755409278234276,False,1.1123625228356246
4106.TW,2026-09-29,24.25,46,-0.009916492349808181,-0.03219568205031677,False,-0.04690856962545098
4108.TW,2026-09-29,11.350000381469727,133,0.3790340321932742,0.32412648394603555,False,0.12762645768471614
4119.TW,2026-09-29,55.400001525878906,112,-0.27914068139076015,-0.143956398173229,False,0.3096877280849881
4133.TW,2026-09-29,20.450000762939453,47,0.22645514310535167,0.4424429272798473,False,0.21293401434208903
4137.TW,2026-09-29,76.5,76,0.2769811595223812,0.23966908177073437,False,1.1798578281529615
4142.TW,2026-09-29,18.100000381469727,1093,0.26471388787923295,0.28221352733131677,False,0.7710031601506238
4148.TW,2026-09-29,31.950000762939453,58,-0.6073738164224104,-0.30511599909662995,False,0.7533063060158653
4155.TW,2026-09-29,14.600000381469727,148,-0.0023225270224714357,-0.0014790712274625948,False,0.315004823101777
4164.TW,2026-09-29,26.899999618530273,541,0.13769031410725524,0.11799810995549818,False,1.5422960070960734
4169.TW,2026-09-29,148.5,65,0.927306105726385,0.4111010458271518,False,3.2920898415547413
4178.TW,2026-09-29,16.549999237060547,91,0.4704013423889964,0.43863299814080137,False,0.045463279896431175
4190.TW,2026-09-29,25.049999237060547,6,0.18950850542362543,0.28518782113843233,True,-0.13419828020104418
4306.TW,2026-09-29,14.649999618530273,862,0.15130755216891018,0.160986520138994,False,0.16627029950115357
4438.TW,2026-09-29,56.70000076293945,17,0.3025167099247155,0.31848739357157346,False,0.5357351117219125
4439.TW,2026-09-29,96.5,14,0.1258149276023101,0.12295496485970353,False,2.454103415822459
4440.TW,2026-09-29,17.450000762939453,27,0.04005527778146282,0.1078840527639396,True,-0.03266118537049323
4441.TW,2026-09-29,170.0,68,0.21572717235486646,0.32588065445219555,False,-0.5332359594742684
4526.TW,2026-09-29,32.150001525878906,1229,0.5778445836125902,0.33170072487320396,False,1.7870140297932906
4532.TW,2026-09-29,25.049999237060547,536,0.2172795486653292,0.14887645080291545,False,1.738621269938747
4536.TW,2026-09-29,161.5,167,0.4404862498077029,0.46114591128323185,False,-0.447511709045159
4540.TW,2026-09-29,62.599998474121094,5073,0.11541927650706904,0.05829401075460661,False,5.079107985452147
4545.TW,2026-09-29,35.54999923706055,327,-0.06980137672095901,-0.03472396285643893,False,4.108592163187158
4552.TW,2026-09-29,15.350000381469727,126,0.5396139744810234,0.33972705139108206,False,-0.08821358305603866
4557.TW,2026-09-29,50.099998474121094,35,-0.037563878934547344,-0.05438326013300643,False,0.5196644292283708
4560.TW,2026-09-29,29.350000381469727,139,-0.10744391219418503,-0.11208881382215417,False,0.5153257940529095
4562.TW,2026-09-29,30.0,103,0.7122000719813366,0.5018326507694993,False,0.6510810725922163
4564.TW,2026-09-29,16.200000762939453,447,0.00018666665806387755,0.00016863081339135236,False,0.5886366685117626
4571.TW,2026-09-29,152.5,47,0.5482847682303446,0.37111681134633934,False,3.985263150043494
4572.TW,2026-09-29,139.0,16,0.26462802040299266,0.33577597603552223,False,-0.46891555938967144
4576.TW,2026-09-29,241.0,2493,0.6478348083889798,0.18898439328285738,False,15.982515693385494
4581.TW,2026-09-29,47.70000076293945,1,0.05408208893320144,0.07966772763808637,False,0.41143792618536423
4585.TW,2026-09-29,290.0,131,0.2596435043893041,0.2257027128861463,False,-0.9541126519310978
4588.TW,2026-09-29,55.29999923706055,40,0.10896574947499861,0.05695623933501319,False,4.035291321460534
4720.TW,2026-09-29,19.149999618530273,384,0.596523325270545,0.4113958632104738,False,0.927711302505017
4736.TW,2026-09-29,128.5,140,0.008589133005848845,0.00957612293487112,False,3.094397157535653
4737.TW,2026-09-29,55.599998474121094,21,0.43305940061639087,0.17825191927961678,False,-0.5229231557254437
4746.TW,2026-09-29,47.70000076293945,873,0.7407869160825672,0.4672483428238301,False,2.240072190301909
4755.TW,2026-09-29,118.0,196,0.45862367417571615,0.37302059499247464,False,5.790032223239081
4763.TW,2026-09-29,46.849998474121094,4559,1.1749595071024475,0.38042731211159697,False,2.21589008369142
4766.TW,2026-09-29,341.0,75,0.5215411236059982,0.5979703886960361,False,4.366548148049276
4771.TW,2026-09-29,211.5,77,0.2326099949543839,0.1281416349494113,False,6.371949682510859
4904.TW,2026-09-29,104.5,5441,-0.3826279416164895,-0.42977376552971114,False,2.1235521383310783
4906.TW,2026-09-29,40.20000076293945,13362,1.4049830877500187,0.5444349144206818,False,4.875641177453744
4915.TW,2026-09-29,63.5,1748,-0.13259449973830775,-0.10571407781020153,False,3.50802324682752
4927.TW,2026-09-29,43.75,1935,1.1998031008064558,0.4684642437914929,False,2.838698301268728
4930.TW,2026-09-29,15.850000381469727,14,0.2342913507426061,0.3238035582685837,False,-0.020994234477710094
4934.TW,2026-09-29,14.149999618530273,193,0.601771272835033,0.3488447857109703,False,0.7151622674888536
4935.TW,2026-09-29,32.650001525878906,59,0.9209319762920245,0.410058824812371,False,0.956164090867766
4938.TW,2026-09-29,90.80000305175781,11549,0.5120419698234655,0.33592786517454704,False,1.5537474850466992
4942.TW,2026-09-29,31.950000762939453,45,0.24257144717619006,0.4299289074618111,False,0.7212477892791931
4949.TW,2026-09-29,76.0,499,1.054275406647949,0.42512858491402683,False,3.278823264680099
4952.TW,2026-09-29,49.20000076293945,116,0.6533540971532344,0.48081033324175826,False,2.132421214923802
4958.TW,2026-09-29,498.5,41882,1.4888507628416918,0.4100223068012145,False,30.661024384886446
4967.TW,2026-09-29,272.0,572,0.4439162554592117,0.3069767349855505,False,1.3813113635503669
4968.TW,2026-09-29,92.80000305175781,264,0.49283601995463383,0.39020401809348504,False,4.005634162083638
4977.TW,2026-09-29,168.5,1244,1.2271017881454778,0.36063950767778996,False,2.26657816174594
4989.TW,2026-09-29,59.5,1425,1.0136708230155453,0.49473037258761765,False,0.4559457146398813
4994.TW,2026-09-29,82.30000305175781,8,0.39123182528949335,0.29087981286286274,False,1.1525381205205179
4999.TW,2026-09-29,17.700000762939453,38,0.2521642988351816,0.4282720635703344,False,-0.03487581833507747
5007.TW,2026-09-29,55.400001525878906,42,0.2579551454328965,0.5732379568315079,False,-0.01014496037213064
5203.TW,2026-09-29,58.599998474121094,148,-0.03825326293907044,-0.03296055874179844,False,2.056591576662825
5215.TW,2026-09-29,37.29999923706055,30,0.29872590421572076,0.3159934109464672,False,-0.14529919013424575
5222.TW,2026-09-29,104.5,158,0.6772310411841698,0.609868855181425,False,1.9931022873247173
5234.TW,2026-09-29,322.0,635,0.5837112548653958,0.22839748855601844,False,38.13530379558637
5236.TW,2026-09-29,135.5,49,0.7144555519485821,0.6955154320948399,False,3.8980661623496644
5243.TW,2026-09-29,88.69999694824219,592,1.268402305698843,0.5913824753372423,False,2.1622821026195
5244.TW,2026-09-29,35.5,81,0.3936012702893309,0.28171331789736553,False,1.592996910907864
5269.TW,2026-09-29,1475.0,255,0.829270069646375,0.3713475593630144,False,101.35408393844295
5283.TW,2026-09-29,52.599998474121094,36,0.4244620003120638,0.25788944456969165,False,0.18748609456575593
5288.TW,2026-09-29,186.5,103,0.5225019265215906,0.4530773564886174,False,3.491018867877898
5292.TW,2026-09-29,218.5,36,1.7106511636404318,0.5981578795859632,False,7.428774295961659
5306.TW,2026-09-29,88.5999984741211,49,0.29546403325325804,0.2307988160996985,False,0.6925484713117385
5388.TW,2026-09-29,71.69999694824219,2345,0.2858875030313057,0.2284764514525059,False,0.48233546610596534
5434.TW,2026-09-29,540.0,390,0.7785585104542394,0.5322434959810062,False,13.37831308970135
5469.TW,2026-09-29,73.5999984741211,583,0.3117795919747048,0.2102272912718667,False,2.1018919449969786
5484.TW,2026-09-29,39.25,74,0.22838007793916695,0.08843004979635584,False,0.55950501744843
5515.TW,2026-09-29,52.70000076293945,252,0.1986565982422965,0.1374989010034251,False,3.4284171890164146
5519.TW,2026-09-29,25.0,145,0.5541135280017917,0.44049896154673707,False,-0.09003279827505395
5521.TW,2026-09-29,10.5,593,0.25988446754509115,0.32221867921923975,False,0.06449635153446032
5522.TW,2026-09-29,60.70000076293945,372,0.16322889360814358,0.1523499669564452,False,0.1298732891023846
5525.TW,2026-09-29,21.950000762939453,54,0.2992597700854598,0.43930376692708223,False,0.15313117691357903
5533.TW,2026-09-29,13.850000381469727,22,0.22380435532838708,0.41500642601381116,False,0.02480730497437733
5534.TW,2026-09-29,73.30000305175781,496,0.27565276516674586,0.2729779385501421,False,-0.1369517527941042
5538.TW,2026-09-29,35.400001525878906,27,0.40368584415498904,0.6251134913039783,False,0.32864037250921285
5546.TW,2026-09-29,14.100000381469727,32,-0.30369778289081406,-0.2157407536351128,False,-0.20281561494883604
5607.TW,2026-09-29,51.900001525878906,544,-0.7705157951299664,-0.3325359861191479,False,0.6056352018606006
5608.TW,2026-09-29,16.700000762939453,2445,0.2651641005395487,0.1596749638582806,False,0.12699404324460062
5706.TW,2026-09-29,43.900001525878906,67,0.2188120358796961,0.4858874210641592,False,0.06256159172281883
5871.TW,2026-09-29,107.0,4990,-0.03385536107207454,-0.027880282858407865,False,-1.5539981062234887
5880.TW,2026-09-29,26.049999237060547,17299,-0.38470097093739697,-0.3665520838616321,False,-0.03577125646722834
6005.TW,2026-09-29,31.649999618530273,4399,0.6853644355547771,0.4825197334009544,False,0.4251200039255245
6024.TW,2026-09-29,60.20000076293945,304,0.14617459492363102,0.19104112390615588,True,-0.10759959933366758
6108.TW,2026-09-29,24.399999618530273,1111,0.7025087076913297,0.30718474469302737,False,1.9108624396195175
6115.TW,2026-09-29,44.0,113,0.30181867041389826,0.34382695102600414,False,0.34627787136564336
6116.TW,2026-09-29,14.899999618530273,32904,0.8506593239425269,0.38303056237031924,False,1.0856571762264142
6117.TW,2026-09-29,61.70000076293945,154,0.10252377372848824,0.11141474478004378,False,1.0372068382597348
6120.TW,2026-09-29,13.050000190734863,2600,0.430010556766951,0.2653293081389747,False,1.092453229276268
6128.TW,2026-09-29,19.100000381469727,35,0.36011329551977483,0.4135006938853839,False,0.19305198237202603
6136.TW,2026-09-29,24.950000762939453,130,-0.19814486844812676,-0.2152053695447978,False,0.49174205060623777
6139.TW,2026-09-29,732.0,3493,1.4921829287003703,0.6381777620908214,False,25.671104918868423
6153.TW,2026-09-29,17.649999618530273,3117,0.37105545050813105,0.21403348697049007,False,0.6468720573961839
6155.TW,2026-09-29,64.0,7350,1.0362078848204825,0.37045773045379743,False,9.591373009392669
6165.TW,2026-09-29,48.849998474121094,113,0.34724586216258607,0.26135594309080457,False,1.4161323542383712
6176.TW,2026-09-29,90.19999694824219,1400,0.416020320555413,0.2449082997406995,False,0.39418372102318244
6177.TW,2026-09-29,46.25,620,0.0009178776852763793,0.0006427020384209139,False,-0.21214222475745714
6183.TW,2026-09-29,90.5,78,0.22217298097047886,0.38887236497588956,False,-0.23343442034777695
6184.TW,2026-09-29,40.099998474121094,94,0.33036434519792185,0.36379370275123735,False,0.4231625625627231
6189.TW,2026-09-29,50.20000076293945,997,0.09115982356435232,0.09393110806114623,False,3.652978604507908
6191.TW,2026-09-29,83.0999984741211,1035,0.4834311648449627,0.4195034328177529,False,1.4530028596953741
6192.TW,2026-09-29,109.5,79,0.5767943565982454,0.6516686689092351,False,0.14160892129930858
6197.TW,2026-09-29,319.0,683,1.5222712263252574,0.6372176934441643,False,22.557649321344513
6201.TW,2026-09-29,44.20000076293945,48,0.11877409596317517,0.10257927430809288,False,0.07138860933742563
6202.TW,2026-09-29,58.400001525878906,693,1.3652671298981394,0.7744906885869381,False,3.4821055478482634
6206.TW,2026-09-29,143.0,1281,0.10244165999720597,0.05982795497574866,False,7.724863841169366
6209.TW,2026-09-29,81.5,10686,0.3678369318070247,0.14528468026850078,False,4.437474693350396
6214.TW,2026-09-29,189.0,877,-0.008911197079564039,-0.012625032855884863,False,5.300972326608786
6215.TW,2026-09-29,97.19999694824219,178,0.40964336371893384,0.2975442847477638,False,0.9025285462372921
6216.TW,2026-09-29,19.5,50,0.27469977439907084,0.3055360542868817,False,0.17933359483010136
6230.TW,2026-09-29,111.5,39,1.09238886006195,0.356512304210839,False,4.304902744472301
6235.TW,2026-09-29,38.849998474121094,229,0.26989983039773363,0.22605811367087633,False,1.0355733894513932
6239.TW,2026-09-29,281.0,6750,1.37432678449851,0.7767083213839839,False,9.194412137504344
6243.TW,2026-09-29,39.0,359,0.990248150979631,0.36897798567629786,False,2.1487488156935797
6271.TW,2026-09-29,227.0,1227,2.0557530670036566,0.6220516342105977,False,8.408999762251455
6277.TW,2026-09-29,76.69999694824219,133,0.3466417693374809,0.3370048361604955,False,0.12725823829644867
6281.TW,2026-09-29,51.20000076293945,49,0.026712954380229997,0.09554178623752219,False,0.2269401463656493
6282.TW,2026-09-29,42.79999923706055,2556,0.7914663636388695,0.6263176710187405,False,0.5239760218349545
6285.TW,2026-09-29,232.5,2751,1.101494461478475,0.5097151546362348,False,9.804467575801198
6412.TW,2026-09-29,74.0999984741211,437,0.21570604863276835,0.2621276331344595,False,1.1693981587391704
6414.TW,2026-09-29,398.0,3643,0.3861608360641513,0.19754473171402748,False,30.67701298905621
6415.TW,2026-09-29,409.0,3206,0.9088172832945199,0.35758472237612776,False,3.0514946073635656
6438.TW,2026-09-29,162.0,1008,0.8310385719378114,0.4319664605626969,False,16.737972050953886
6464.TW,2026-09-29,75.80000305175781,19,0.20213779638344237,0.2286623621994995,False,-0.700882093317702
6472.TW,2026-09-29,422.5,277,0.3341859260222569,0.15049875426575055,False,17.90369155749346
6477.TW,2026-09-29,34.099998474121094,231,0.555241039835899,0.20497724483070984,False,0.6977151080926447
6491.TW,2026-09-29,406.0,213,0.03621881158494111,0.022713088902509636,False,31.6226551607582
6504.TW,2026-09-29,37.20000076293945,3,0.4824432727873298,0.4472522860841625,False,0.8446251270000857
6525.TW,2026-09-29,133.5,552,1.1686690249296776,0.5400771437078621,False,6.393511092695562
6531.TW,2026-09-29,929.0,4696,2.256922030657626,0.5574575853728213,False,18.156063523948546
6541.TW,2026-09-29,29.950000762939453,708,0.5961156125851254,0.2855619895048731,False,-0.3212378004095875
6550.TW,2026-09-29,17.399999618530273,1583,0.824632804500786,0.432705163031018,False,-1.1688610142800115
6552.TW,2026-09-29,24.799999237060547,59,0.2797986990668202,0.27190553635531506,False,1.37369168633019
6558.TW,2026-09-29,25.399999618530273,761,0.13626398464617906,0.08843294261209168,False,1.9281544339833516
6573.TW,2026-09-29,15.899999618530273,77,0.425911402704514,0.21402786581147176,False,0.1425583237615875
6579.TW,2026-09-29,157.5,667,0.8382883157621909,0.43340144516504775,False,11.332070983536312
6581.TW,2026-09-29,108.0,11,0.07704161162632563,0.11533059142221583,False,-0.16543916152954807
6582.TW,2026-09-29,30.799999237060547,74,0.12079282363844303,0.17915351965967974,False,-0.1496598699992724
6591.TW,2026-09-29,43.20000076293945,63,0.4597259852004895,0.33886397475354196,False,1.6532694120683615
6592.TW,2026-09-29,56.900001525878906,740,-0.14108283368762536,-0.2243487146976655,False,-1.270726516727109
6598.TW,2026-09-29,27.200000762939453,88,0.4684178178786425,0.249105926452533,False,0.12283088983822665
6605.TW,2026-09-29,138.0,178,0.1284410045206496,0.14924281065828202,False,2.1120849303779323
6606.TW,2026-09-29,24.75,78,0.022936047506149256,0.020679041179283927,False,-0.18770537071802806
6614.TW,2026-09-29,35.150001525878906,38,0.1286818380158593,0.21291180331431117,False,-0.1792277350910254
6625.TW,2026-09-29,73.9000015258789,116,0.29243467655438077,0.35482788769474694,False,0.4174993923484749
6641.TW,2026-09-29,16.950000762939453,1,0.3269816819396361,0.45604520217079314,False,0.11656674667025158
6655.TW,2026-09-29,124.5,3,0.18973918724841005,0.18916803981221728,False,7.8277343895275635
6658.TW,2026-09-29,181.0,207,1.893048938815549,0.6532160098540643,False,14.067524757517361
6666.TW,2026-09-29,45.650001525878906,20,0.2992744798649997,0.429039112990897,False,1.525574042109632
6670.TW,2026-09-29,273.0,233,-0.035452552991925,-0.036916385706545214,False,2.5738762800099835
6671.TW,2026-09-29,22.850000381469727,9,0.07113401455472707,0.10545383020574078,False,0.09563373072797887
6691.TW,2026-09-29,654.0,921,1.3648178131321835,0.6283965173241506,False,50.31142468589576
6698.TW,2026-09-29,33.900001525878906,236,0.13581709320188676,0.06377911832542778,False,2.848153611169998
6719.TW,2026-09-29,184.0,433,0.6646343190303359,0.40631390619368446,False,3.8667868869532924
6722.TW,2026-09-29,32.29999923706055,15,0.45396016926012683,0.5399754703003672,False,0.003455964310312254
6743.TW,2026-09-29,31.100000381469727,693,-0.10291347732258475,-0.15235478146133483,False,2.8723681698772587
6753.TW,2026-09-29,132.5,205,0.6233004141563608,0.585314806349293,False,1.1269203132754058
6754.TW,2026-09-29,41.400001525878906,11,0.6122613889990736,0.6712732470852251,False,0.08064456160722955
6756.TW,2026-09-29,98.80000305175781,80,0.5465110613465464,0.4046079533704959,False,3.527760721118156
6757.TW,2026-09-29,53.400001525878906,346,0.1698527445382564,0.2286270724787011,False,0.15877188816629229
6768.TW,2026-09-29,62.5,101,0.18729638076192423,0.28458897269113087,False,0.6163699382440342
6770.TW,2026-09-29,72.30000305175781,63117,1.4001884125053419,0.5277881635624954,False,3.2547980761599717
6776.TW,2026-09-29,51.900001525878906,70,0.2921411628374877,0.5752693178971092,False,0.11671754360250475
6782.TW,2026-09-29,234.5,130,0.35980457826700346,0.13718771201280328,False,8.254069008390417
6790.TW,2026-09-29,37.599998474121094,129,0.06460228678241703,0.22850004001508428,False,-0.09801251527679966
6792.TW,2026-09-29,58.900001525878906,21,0.3001434390939712,0.2886126875517055,False,0.44276006547003277
6794.TW,2026-09-29,71.80000305175781,36,0.17632347442134472,0.14184707433169003,False,-1.8176512944312577
6807.TW,2026-09-29,31.899999618530273,14,0.7778304940868337,0.48689822373759156,False,-0.43766299985553303
6835.TW,2026-09-29,30.899999618530273,7,0.35285188546528895,0.3699077381877621,False,0.42150849417839353
6838.TW,2026-09-29,25.649999618530273,273,0.38796784422128516,0.15673175976574327,False,2.5976973953110623
6862.TW,2026-09-29,138.0,40,1.01939425544882,0.4248487871580111,False,6.277851818292191
6873.TW,2026-09-29,67.9000015258789,133,0.48648208958873507,0.45476056813693033,False,0.2769748256895639
6887.TW,2026-09-29,38.099998474121094,17,0.5461206785976437,0.3379046671922699,False,1.103046815284081
6901.TW,2026-09-29,17.25,4815,-0.24962233696459016,-0.1041444695525086,False,2.5286049911421244
6906.TW,2026-09-29,83.69999694824219,27,0.045779714404941635,0.015029672607365688,False,4.868979259962799
6909.TW,2026-09-29,41.95000076293945,262,0.023650637484980273,0.008531082192861176,False,2.0308130247858713
6914.TW,2026-09-29,119.5,43,0.05918830329690591,0.1173174058519205,False,-0.31891574480604845
6916.TW,2026-09-29,18.450000762939453,37,0.4749511310639032,0.4004385705739571,False,0.4060549979909851
6918.TW,2026-09-29,74.0,18,0.6101318059137344,0.5551118253859204,False,0.5167314343559468
6923.TW,2026-09-29,74.80000305175781,57,0.31769966541356814,0.43578003554504274,False,-0.5806684317503965
6928.TW,2026-09-29,45.5,30,0.445336656209892,0.30286023375198257,False,-0.34701371554641014
6931.TW,2026-09-29,38.75,45,0.17422779259763127,0.250201356611521,False,0.0068415102520944515
6934.TW,2026-09-29,76.0999984741211,42,0.7229830449173534,0.3184832123689263,False,3.1602594656717287
6936.TW,2026-09-29,31.700000762939453,3,0.22854384904927968,0.39717212491475345,False,0.07583924198405256
6937.TW,2026-09-29,308.0,1185,1.0041143743046406,0.4764383797509415,False,26.891234046847728
6944.TW,2026-09-29,776.0,672,0.8230997847264018,0.5011842206387852,False,91.88819784330587
6947.TW,2026-09-29,67.19999694824219,132,0.5537863713547051,0.5474795241011879,False,0.22523436393699114
6952.TW,2026-09-29,38.79999923706055,20,0.5710596118108376,0.48280237344637544,False,1.006347366388482
6958.TW,2026-09-29,17.049999237060547,35,0.4837167650284498,0.5532078043106932,False,-0.10375528001109657
6962.TW,2026-09-29,31.850000381469727,1349,0.4486908377360856,0.40266426110095693,False,1.1906927184643052
7705.TW,2026-09-29,29.75,40,0.2030557801617401,0.4893562183124961,False,-0.02918140368056754
7721.TW,2026-09-29,61.79999923706055,33,0.9581709490254816,0.5350821483134021,False,2.66754626476488
7722.TW,2026-09-29,258.0,54,0.36747026472050626,0.3490115410751398,False,-0.6771054870505964
7732.TW,2026-09-29,33.5,23,0.5812383062401474,0.44372078178894075,False,-0.04771904627339296
7736.TW,2026-09-29,68.19999694824219,27,-0.11910609870729501,-0.14653269107031913,False,-0.19826061708943143
7760.TW,2026-09-29,33.25,17,0.051976692663964714,0.06072914701374019,False,0.6009458018293969
7780.TW,2026-09-29,16.049999237060547,450,0.2964636626113195,0.37880029740221793,False,-0.01896879956683506
7786.TW,2026-09-29,118.5,110,-0.1559249133341957,-0.11141577764296137,False,3.691770173101091
7791.TW,2026-09-29,55.400001525878906,42,0.13381702727386643,0.13507919971672672,False,0.28584525731940147
7818.TW,2026-09-29,59.900001525878906,55,0.0999002120713322,0.22341741580352756,False,0.010001182557815014
7821.TW,2026-09-29,36.099998474121094,177,0.38974704418734946,0.32414314987026027,False,-1.2545073314881918
7855.TW,2026-09-29,41.5,866,-0.012832881242438244,-0.039067897335446175,False,-0.24441887400049467
8011.TW,2026-09-29,15.800000190734863,170,0.20379042706987693,0.14279588144631908,False,0.3385164661893896
8016.TW,2026-09-29,285.0,333,0.7560207132959267,0.5068517660259658,False,9.532311180247063
8033.TW,2026-09-29,169.0,1550,0.7885886644707358,0.4838990097201092,False,2.3015612229593785
8070.TW,2026-09-29,49.70000076293945,666,0.25310176152889213,0.20789035943492576,False,0.3915187867951886
8072.TW,2026-09-29,27.799999237060547,148,0.05053774441668763,0.03296571996246876,False,2.023778044929035
8081.TW,2026-09-29,255.5,361,0.42698082729337594,0.42130290242666196,False,8.430318915229293
8104.TW,2026-09-29,31.399999618530273,413,0.6838465251739538,0.5532235853939397,False,1.7449923144288952
8105.TW,2026-09-29,14.899999618530273,987,0.6293196176804748,0.33461717450785883,False,0.49468049693126126
8131.TW,2026-09-29,61.599998474121094,605,1.1977018209724544,0.6979886771127308,False,2.3264031520605712
8163.TW,2026-09-29,30.149999618530273,386,0.277469744358878,0.2178847544366896,False,0.6970635455671186
8213.TW,2026-09-29,32.79999923706055,264,0.5213177818374767,0.541790513820186,False,0.37849721305683204
8249.TW,2026-09-29,39.04999923706055,385,0.5328984702770981,0.3440258998279264,False,1.2322822365134058
8261.TW,2026-09-29,176.5,1001,1.5420446171229012,0.571498557815484,False,9.505163248084955
8341.TW,2026-09-29,74.30000305175781,101,0.09802061850594411,0.24426958949601493,False,0.09937211965707604
8367.TW,2026-09-29,40.04999923706055,7,0.22032862971009257,0.2857525532647563,False,-0.26067634488296676
8374.TW,2026-09-29,76.0,106,0.6471525656766681,0.47386959252831967,False,0.1871179173585631
8411.TW,2026-09-29,11.899999618530273,435,0.09772222549799611,0.10675419919271738,False,-0.3992044603920206
8422.TW,2026-09-29,25.5,2694,0.2053154680600833,0.20216979201818525,False,-0.1625483933654266
8442.TW,2026-09-29,44.79999923706055,39,0.11386921641157537,0.13212046759624327,True,-0.19464467184893408
8443.TW,2026-09-29,11.149999618530273,4,0.23661908584827943,0.5078703798753376,False,0.008728815705216775
8454.TW,2026-09-29,236.0,339,0.3260093543779388,0.21010300447764224,False,-1.4612031511271937
8462.TW,2026-09-29,157.0,56,0.5586260358216564,0.46510450452862134,False,-1.1436876939044396
8463.TW,2026-09-29,20.950000762939453,101,0.14674717432332837,0.21917801059451966,False,-0.10551329950760646
8464.TW,2026-09-29,372.5,525,-0.41015497420334895,-0.3091034815108653,False,5.095174200060512
8467.TW,2026-09-29,88.0,5,1.090209303136482,0.5210659386280985,False,2.6486633296990902
8473.TW,2026-09-29,39.5,286,0.5303518024613243,0.48132836351075503,False,1.404035103684528
8476.TW,2026-09-29,19.850000381469727,247,-0.29398169862860923,-0.239711020134734,False,0.6281230465564391
8478.TW,2026-09-29,139.0,49,-0.03688246053707351,-0.0447146405858,False,-0.6551035866881136
8481.TW,2026-09-29,40.70000076293945,23,0.34436071116723976,0.6313088699486655,False,-0.029518183004277887
8482.TW,2026-09-29,47.04999923706055,1,1.2435715665283145,0.6876647296300509,False,0.5011151501428301
8499.TW,2026-09-29,257.0,17,0.49372830711362237,0.5906358707327635,False,5.753963323467332
8926.TW,2026-09-29,58.29999923706055,1273,0.6565841068728514,0.5413593767212014,False,1.6210155386106493
8940.TW,2026-09-29,15.0,14,0.541207371066426,0.6103419221951982,False,0.28271713845957613
9802.TW,2026-09-29,64.69999694824219,372,0.19545676082649488,0.1648425095120849,False,1.3338130717211953
9902.TW,2026-09-29,13.050000190734863,106,0.4917909130304385,0.7882804591818509,False,-0.14110568912121657
9904.TW,2026-09-29,24.799999237060547,8330,0.2206051679311619,0.30158692552317423,False,0.5155044901441634
9905.TW,2026-09-29,21.200000762939453,62,-0.038082930171569204,-0.11739878243958944,False,0.007744602060451911
9907.TW,2026-09-29,14.699999809265137,2607,0.3199481492378471,0.5454030373536435,False,-0.12075562968659881
9908.TW,2026-09-29,28.899999618530273,105,0.059962879932675704,0.3281109167311678,False,-0.03689124502008667
9910.TW,2026-09-29,69.0999984741211,691,0.32959201310596314,0.224647222166124,False,1.6225019352227008
9911.TW,2026-09-29,81.5999984741211,195,0.08046697677815418,0.20631131603019398,False,0.3916353158712411
9912.TW,2026-09-29,12.949999809265137,12,0.02458176884068576,0.023626493117463877,False,0.2114781694382586
9917.TW,2026-09-29,105.5,337,0.1698401212841758,0.23822155106762755,False,0.06392339103369693
9918.TW,2026-09-29,42.5,15,0.05804086778700496,0.09577748517478904,True,-0.20465599632918696
9919.TW,2026-09-29,13.699999809265137,725,0.27509551623633993,0.4932673910443293,False,-0.1386503940579793
9924.TW,2026-09-29,37.75,52,0.25628741882662576,0.5811282276898072,False,-0.013818419745845745
9925.TW,2026-09-29,39.45000076293945,581,0.24827297451170605,0.5105991402278671,False,0.05125061935179076
9926.TW,2026-09-29,48.79999923706055,12,0.04765156778971134,0.12302039249047879,False,-0.07308362813039793
9927.TW,2026-09-29,69.9000015258789,443,0.10547696447748284,0.3310199121771906,False,0.381995528401589
9928.TW,2026-09-29,17.799999237060547,63,-0.2502573028929308,-0.47466158315047224,False,0.20819795301527577
9929.TW,2026-09-29,10.899999618530273,7,-0.20710231423577974,-0.14202798605673242,False,0.023057349462529686
9930.TW,2026-09-29,60.20000076293945,98,0.29805418361019176,0.6153845618246302,False,-0.3549469948419244
9931.TW,2026-09-29,33.70000076293945,23,0.1290968077147841,0.3984442007267609,False,-0.12473147527018114
9933.TW,2026-09-29,40.349998474121094,1747,-0.2712980920690414,-0.2057414447025808,False,1.3397644154716346
9937.TW,2026-09-29,54.099998474121094,30,0.20486131328555351,0.3972671527962741,False,-0.05646955678312082
9939.TW,2026-09-29,124.5,401,0.04005796615845733,0.04967587167964589,True,-0.13890082763909106
9940.TW,2026-09-29,19.899999618530273,416,0.45275251028375924,0.5048392852434586,False,-0.03325552633819839
9941.TW,2026-09-29,78.30000305175781,1146,-0.3541504149152217,-0.3422297090865067,False,-1.0543821771421733
9942.TW,2026-09-29,113.0,116,0.08809081429255468,0.2266102698709912,False,-0.3450155281000775
9943.TW,2026-09-29,50.20000076293945,80,0.20691784685476086,0.49764942700159387,False,-0.2040981545366023
9944.TW,2026-09-29,17.100000381469727,33,0.12666310949463433,0.24061286412402147,False,-0.03384228272075518
9945.TW,2026-09-29,29.049999237060547,6374,0.18122734526123124,0.14298891880860418,False,1.3444700157003133
9946.TW,2026-09-29,16.850000381469727,232,0.4336380470256183,0.27720596544895837,False,0.05640450782822981
9955.TW,2026-09-29,22.700000762939453,377,0.3226915038820683,0.462210639602127,True,-0.3880494080197856
9958.TW,2026-09-29,92.0999984741211,594,0.6865314172586674,0.4509205868207805,False,2.8363426589830993
2237.TW,2026-09-29,26.899999618530273,72,0.35134842004347044,0.5405582550813595,False,0.03365030830619986
2258.TW,2026-09-29,30.950000762939453,469,1.0279742548750337,0.6298780417037424,False,0.7626092877774511
2432.TW,2026-09-29,27.649999618530273,7,0.3961430126063843,0.4076584848120336,False,0.5779321443099228
4582.TW,2026-09-29,22.200000762939453,22,0.3127590573963586,0.40638203388834965,False,0.020068429718243408
4590.TW,2026-09-29,88.5,113,0.5060628578562443,0.3241370674459965,False,0.7126609183640937
6534.TW,2026-09-29,89.80000305175781,13,0.3761374079264819,0.6245925336969849,False,0.036717361490175904
6645.TW,2026-09-29,12.5,53,-0.54016121721692,-0.3811744215367796,False,0.2561015630765002
6771.TW,2026-09-29,41.79999923706055,20,0.0476815112207868,0.1197306688720159,False,0.23292824933920286
6854.TW,2026-09-29,91.0,88,1.0352581878582297,0.42608025432740515,False,2.4515548135823337
6908.TW,2026-09-29,27.049999237060547,261,0.39620520755568683,0.17935578505398025,False,-2.0295606138133095
6951.TW,2026-09-29,69.0999984741211,28,-0.02141005664316514,-0.04925932109487716,False,-0.14785771380235246
6988.TW,2026-09-29,11.5,143,0.8631981575565909,0.5522850647914269,False,0.02003385662332846
7631.TW,2026-09-29,137.5,20,1.2152655844755351,0.7230569066180345,False,2.727693322351911
7730.TW,2026-09-29,174.5,67,-0.36208129809961054,-0.13434936867837044,False,6.847068985650935
7803.TW,2026-09-29,17.75,52,0.5665528965164991,0.29783739732876935,False,-0.4720152266306954
7823.TW,2026-09-29,80.0,39,0.20677389354352685,0.16268166124659586,False,0.43513616594589166
7827.TW,2026-09-29,163.5,406,0.9454977439439094,0.5113807555125375,False,14.84114519019127
8162.TW,2026-09-29,65.4000015258789,411,0.7605541468375668,0.3693777357878528,False,6.304264155848969
8487.TW,2026-09-29,70.4000015258789,15,0.17129494364523984,0.21757350265282022,False,0.2135247112498888
1240.TWO,2026-09-29,53.79999923706055,31,0.3082488821376418,0.3817868777434965,False,-0.795502024533782
1259.TWO,2026-09-29,68.0,19,0.4342359730828934,0.2715033002329096,False,4.981857510875344
1264.TWO,2026-09-29,244.0,7,0.21118846895693055,0.486581683892935,False,0.6212143236808458
1268.TWO,2026-09-29,175.5,26,0.03423286967193641,0.06972619049981015,False,3.91818078965494
1294.TWO,2026-09-29,50.20000076293945,26,0.42993517704487744,0.6061202315428428,True,-0.3109060216130146
1295.TWO,2026-09-29,47.150001525878906,29,0.0648489750135507,0.06842297665386303,False,2.651699565511379
1336.TWO,2026-09-29,16.799999237060547,92,0.9444110677237101,0.5257687685261,False,0.6088610228333877
1565.TWO,2026-09-29,95.9000015258789,85,0.26406744298735335,0.3359931908151133,False,0.15858894611079677
1570.TWO,2026-09-29,33.0,87,-0.13357004055474983,-0.2204576589380686,False,0.8509932038384775
1580.TWO,2026-09-29,97.0999984741211,25,0.07657971552216848,0.0838257174797597,False,1.4655862808371296
1584.TWO,2026-09-29,18.049999237060547,496,0.1111227668273195,0.17252054552233598,False,0.2077749600538077
1586.TWO,2026-09-29,18.0,205,0.05608889243844293,0.15754948941491095,False,0.06001116203250234
1593.TWO,2026-09-29,31.649999618530273,11,0.21323062784149768,0.46158770365152313,False,0.2570938694692977
1599.TWO,2026-09-29,23.0,5,-0.04454194626587209,-0.08992653575919976,False,0.5549029026171688
1742.TWO,2026-09-29,17.700000762939453,18,0.1077353284454248,0.1791592048476641,False,0.2466771731748736
1777.TWO,2026-09-29,74.0,12,0.2062632882978782,0.34052774197458346,False,0.31083090397221724
1780.TWO,2026-09-29,25.200000762939453,82,0.12007110868181796,0.11654631861865612,False,0.798038979949375
1784.TWO,2026-09-29,61.29999923706055,51,0.18434010796579398,0.11836899507188006,False,3.1860813161947306
1785.TWO,2026-09-29,98.0,4855,0.7842002759911668,0.5641260798960084,False,3.2366165188883684
1788.TWO,2026-09-29,128.0,15,-0.04447482773175647,-0.22663090203858177,False,0.35005638794923755
1796.TWO,2026-09-29,28.799999237060547,9,0.44372269580836726,0.41903191358510755,False,-0.39971830487439775
1799.TWO,2026-09-29,28.399999618530273,167,0.6198689387533453,0.7278335546796468,False,-0.17513312670609338
1813.TWO,2026-09-29,11.300000190734863,6,-0.06731879631342903,-0.08495040416066099,False,0.0347447104115961
2063.TWO,2026-09-29,23.450000762939453,57,0.03933725328700602,0.05931860181306128,False,-0.17591426122550757
2064.TWO,2026-09-29,11.899999618530273,300,-0.07887148697779307,-0.09886590930109826,False,0.05169375789164121
2065.TWO,2026-09-29,35.150001525878906,34,0.2791917486491265,0.42426109587190247,False,0.1841425987663925
2066.TWO,2026-09-29,52.70000076293945,17,0.6042966399897843,0.5230278225337738,False,1.2905649217870518
2073.TWO,2026-09-29,25.200000762939453,1,-0.07003595047974248,-0.0350038730355469,False,-0.08749890597746912
2230.TWO,2026-09-29,21.75,95,0.0656497351581865,0.030693788048200492,False,0.4991347835625177
2596.TWO,2026-09-29,35.25,12,-0.6146823328214693,-0.45593720737345694,False,0.656122749541943
2640.TWO,2026-09-29,158.5,24,-0.10679998920360492,-0.05010476378269832,False,6.519283120419658
2641.TWO,2026-09-29,17.299999237060547,1027,0.34720618334180225,0.36763005719951414,False,-0.09665165761882477
2643.TWO,2026-09-29,62.70000076293945,3,0.27812754337282397,0.5157702037253302,False,0.26986937293094826
2718.TWO,2026-09-29,40.650001525878906,4,0.4449100092119067,0.532033339011218,False,0.5657985320970624
2719.TWO,2026-09-29,19.200000762939453,4,0.2054273126319161,0.20567907424532403,False,-0.00932183914792617
2729.TWO,2026-09-29,158.0,3,0.36213411900511605,0.38356317008388763,False,5.3702351064114
2732.TWO,2026-09-29,64.4000015258789,11,0.2223527865450201,0.1934935901309607,False,2.1757106878413026
2734.TWO,2026-09-29,14.399999618530273,39,0.037490620258925626,0.07962663433441601,False,-0.020402916656246717
2736.TWO,2026-09-29,11.350000381469727,16,-0.08222845778937164,-0.12779163556549147,False,0.09181956068886699
2740.TWO,2026-09-29,30.649999618530273,3,-0.36615146983933267,-0.3730041207449644,False,0.19540330667633654
2743.TWO,2026-09-29,53.29999923706055,22,0.8218292279572293,0.6462525032914178,False,1.2749924799716936
2745.TWO,2026-09-29,84.0,38,0.3651615566700313,0.6025940241929384,False,0.2680083608939441
2751.TWO,2026-09-29,52.599998474121094,4,0.08513721183707963,0.05959911504482804,False,0.883552138140189
2752.TWO,2026-09-29,177.5,13,0.23388294415887814,0.26962973154000663,False,1.1820019614243051
2754.TWO,2026-09-29,68.0,12,-0.06411317377352628,-0.07826814363270272,False,-0.02822197914524338
2755.TWO,2026-09-29,99.0,25,-0.11163890565800624,-0.20342626688006268,False,1.2012952877411749
2756.TWO,2026-09-29,62.5,8,0.1310712114896724,0.09762608600188696,False,1.038717029336354
2916.TWO,2026-09-29,40.54999923706055,8,0.007109841286648724,0.014809931230241536,False,0.5831456869066542
2926.TWO,2026-09-29,29.549999237060547,18,-0.025314164864948408,-0.039371102825584495,False,-0.22371791028896837
2937.TWO,2026-09-29,44.70000076293945,5,-0.042380932902443866,-0.07121093562536403,False,0.9492905358298316
2941.TWO,2026-09-29,32.150001525878906,1,0.6111188435834497,0.18917260011632145,False,1.8022415372466476
2948.TWO,2026-09-29,36.79999923706055,6,0.3053791717611403,0.22082615711696787,False,0.03569510387269759
3067.TWO,2026-09-29,16.899999618530273,1,-0.3439405044463109,-0.20109509338462184,False,0.5943683400021591
3071.TWO,2026-09-29,22.899999618530273,106,0.5743834773237518,0.36978497552534456,False,-0.007157839654503562
3078.TWO,2026-09-29,45.650001525878906,285,0.3451544309567347,0.2120100681810572,False,1.9334571710177997
3083.TWO,2026-09-29,22.700000762939453,47,0.41930904152756554,0.47800314133931854,False,0.48588563826411146
3085.TWO,2026-09-29,11.399999618530273,8,0.8002426889622902,0.3584478501735933,False,0.14550039135058768
3086.TWO,2026-09-29,27.700000762939453,133,1.5568728229893583,0.5844391324028979,False,-0.4246145269385231
3088.TWO,2026-09-29,136.0,1734,0.7548392431693458,0.3339866392635748,False,14.572179504080523
3093.TWO,2026-09-29,43.900001525878906,357,0.9371519103906858,0.687141996195337,False,0.42409314512769924
3095.TWO,2026-09-29,34.0,5,-0.13916870891177263,-0.07212931839970749,False,0.09699590011102543
3118.TWO,2026-09-29,31.350000381469727,29,0.05111749428198903,0.07065220261763795,False,0.14186816003945424
3122.TWO,2026-09-29,23.5,39,0.725331243556196,0.58802223308795,False,-0.13301127081338748
3128.TWO,2026-09-29,20.350000381469727,40,-0.3876512488257632,-0.3950189067845509,False,0.44039497071891276
3131.TWO,2026-09-29,2475.0,554,1.5860668701223328,0.58460380806909,False,153.87132477134446
3152.TWO,2026-09-29,226.0,89,0.7138595894349149,0.4117474783914252,False,7.550394047040669
3158.TWO,2026-09-29,85.19999694824219,15,-0.18809183378635833,-0.13610669388264537,False,2.0609911569367654
3171.TWO,2026-09-29,58.29999923706055,7,0.05288236675663457,0.05639751363791076,False,-0.10352533878479875
3188.TWO,2026-09-29,23.450000762939453,22,0.38489406956986116,0.4533465094804228,False,0.025287981660685688
3191.TWO,2026-09-29,16.5,21,0.03890519170079393,0.033165099434274495,False,0.09083467556446934
3205.TWO,2026-09-29,46.75,52,0.1183748907190581,0.15785503010510313,False,0.37919547515549823
3206.TWO,2026-09-29,34.54999923706055,8,0.3883931524802136,0.384362351375614,False,0.40777646776657406
3207.TWO,2026-09-29,38.25,108,0.1096315389999818,0.05846715681068514,False,1.2714802179342044
3211.TWO,2026-09-29,386.0,3976,1.4435160689625448,0.5821932983238588,False,23.110530673817607
3213.TWO,2026-09-29,125.5,155,0.4937885170430413,0.357062534207511,False,3.620906697048497
3217.TWO,2026-09-29,130.0,133,0.6583688316918931,0.5657195466628627,False,3.2685815009457
3218.TWO,2026-09-29,133.5,89,0.3582843389932324,0.4863966963108481,False,1.1558855647912765
3221.TWO,2026-09-29,50.79999923706055,4922,1.8174509245097046,0.61525810086324,False,4.393058086064428
3224.TWO,2026-09-29,31.0,69,-0.15004634934996794,-0.10928837159253547,False,-0.7477968280531897
3226.TWO,2026-09-29,60.099998474121094,65,0.525474440355149,0.4043676045672443,False,6.420297088777616
3227.TWO,2026-09-29,185.5,603,0.5780545343662702,0.49700441887621716,False,4.6980797709001365
3228.TWO,2026-09-29,180.0,939,1.2136995248429259,0.490332389736373,False,15.596659369042413
3230.TWO,2026-09-29,41.70000076293945,520,0.0709745890168326,0.05599819159661843,False,1.01753379703797
3236.TWO,2026-09-29,44.099998474121094,1445,1.5562915878371772,0.6160103832118655,False,1.4909325117421517
3252.TWO,2026-09-29,15.449999809265137,8,-0.23361942328659926,-0.3444343692017651,False,0.2452902880112262
3260.TWO,2026-09-29,377.0,2843,0.866230580727523,0.5361270910014841,False,1.243581033026203
3272.TWO,2026-09-29,13.699999809265137,66,0.3460850402536115,0.3138879354966611,False,-0.16209595887695905
3276.TWO,2026-09-29,13.850000381469727,39,0.6289886391242729,0.5160294830047546,False,0.10541360780305098
3284.TWO,2026-09-29,19.399999618530273,96,0.4493011021869269,0.31440623138784,False,0.002419063520868292
3285.TWO,2026-09-29,41.599998474121094,42,1.4082480220349403,0.6663155287482448,False,2.13310372926383
3288.TWO,2026-09-29,20.899999618530273,42,0.42838958407004846,0.1663641430126803,False,0.7636485125971006
3289.TWO,2026-09-29,139.5,461,1.2399276548003961,0.6762924116786042,False,6.632788089853818
3290.TWO,2026-09-29,47.79999923706055,921,0.16736755017165242,0.09719166769363305,False,2.4777067274158355
3293.TWO,2026-09-29,779.0,3481,0.02401107792154884,0.017266154540049948,False,86.4904817990249
3303.TWO,2026-09-29,48.349998474121094,166,0.387463717182073,0.28980167034261045,False,0.6038240313762699
3306.TWO,2026-09-29,47.599998474121094,267,-0.10334458576119372,-0.09843552225083843,False,3.3560307526022584
3310.TWO,2026-09-29,68.9000015258789,10,-0.318035070145353,-0.4196633722832184,False,1.2331837185133026
3313.TWO,2026-09-29,10.5,8,-0.03548859761529622,-0.04239036948901253,False,0.03263166051132238
3322.TWO,2026-09-29,11.100000381469727,107,0.5605238486796861,0.4055993565821603,False,0.3596693683700565
3323.TWO,2026-09-29,29.350000381469727,1053,0.3176821501133563,0.18971558770813382,False,2.5950047401772487
3325.TWO,2026-09-29,11.699999809265137,95,0.764658346135843,0.3212660007886599,False,0.7518323744582815
3357.TWO,2026-09-29,203.0,435,1.3565300815781831,0.6871668454088423,False,2.68966270421879
3360.TWO,2026-09-29,15.100000381469727,165,0.7743301514134348,0.6160795209220037,False,0.6937513303494658
3373.TWO,2026-09-29,16.049999237060547,23,-0.048907799776352255,-0.08308305281004286,False,0.2498448498769843
3379.TWO,2026-09-29,27.299999237060547,61,0.42342117726625206,0.27951558329363324,False,0.3795543249186508
3390.TWO,2026-09-29,22.299999237060547,190,0.4464406871641511,0.4207169985853369,False,0.7496437042612385
3402.TWO,2026-09-29,131.0,316,0.9182505277675904,0.6453327539610484,False,9.920860873579073
3438.TWO,2026-09-29,61.29999923706055,28,0.4112941867385706,0.3028940990722916,False,0.460462019537637
3444.TWO,2026-09-29,80.5999984741211,218,0.25814542228647586,0.09987670326793793,False,1.8252886143222469
3465.TWO,2026-09-29,29.649999618530273,2,0.26216874606722607,0.4049841385970672,False,0.6746731300280544
3466.TWO,2026-09-29,23.850000381469727,80,0.2396064586969417,0.18429316928288086,False,-0.08962540313210354
3479.TWO,2026-09-29,138.5,1092,0.4142921844439857,0.18901166032562317,False,14.342222968514491
3483.TWO,2026-09-29,77.5,231,0.11594193531207025,0.04935580096251878,False,3.2826516619121975
3484.TWO,2026-09-29,46.75,130,0.014183400034730826,0.00964258303102201,False,2.385180284400306
3489.TWO,2026-09-29,23.25,172,0.09716024640191392,0.06411979071490906,False,1.5728175978918344
3490.TWO,2026-09-29,45.099998474121094,4291,0.5802532234239336,0.20642626872046552,False,2.6147383060060108
3492.TWO,2026-09-29,19.049999237060547,8,0.2509870936417517,0.45690216220382873,False,0.1208006719697714
3511.TWO,2026-09-29,19.450000762939453,102,0.5029969527923644,0.3346243671489693,False,0.814241039037281
3512.TWO,2026-09-29,19.200000762939453,8,0.035987276231767694,0.07543435706549238,False,0.14366243565742565
3516.TWO,2026-09-29,25.0,7,0.1242455644172971,0.14401642942900103,False,-0.027252369878556948
3520.TWO,2026-09-29,17.100000381469727,171,0.10666195184646567,0.14000892907124135,False,-0.09296547508404629
3521.TWO,2026-09-29,11.75,37,0.11280097396843605,0.12136617801458695,True,-0.11964445210706032
3523.TWO,2026-09-29,14.949999809265137,16,-0.36956343061616004,-0.09490795528004681,False,0.6209490925398367
3526.TWO,2026-09-29,270.5,160,0.5859862386189354,0.5824241009015946,False,5.3706012545474096
3527.TWO,2026-09-29,51.599998474121094,42,0.2082592202497452,0.16660408029409632,False,2.2871590937684303
3537.TWO,2026-09-29,52.599998474121094,70,1.0118823115571027,0.5850004745367494,False,0.48368203643667584
3540.TWO,2026-09-29,22.700000762939453,205,0.4177505101936181,0.2063788915923807,False,0.5224567631212231
3546.TWO,2026-09-29,72.69999694824219,45,0.35592110308940866,0.3493315816358402,False,1.2445167224858409
3551.TWO,2026-09-29,186.5,946,1.295448821403755,0.6076780326554593,False,14.325704297892116
3558.TWO,2026-09-29,124.5,55,0.07087316850891998,0.04350876405530804,False,5.407881794615776
3567.TWO,2026-09-29,25.799999237060547,356,0.19749828678639547,0.32226388492339614,False,0.6659164209338293
3570.TWO,2026-09-29,167.0,12,-0.13808408295182556,-0.19941774191207193,False,4.360868466818999
3577.TWO,2026-09-29,122.0,1012,0.28111375012807266,0.11155685078202238,False,12.684950338793385
3587.TWO,2026-09-29,239.5,291,0.8005031140249446,0.3526311097314701,False,6.896673378283481
3594.TWO,2026-09-29,47.20000076293945,255,1.1649148150292643,0.620769772080188,False,1.5123183743591824
3597.TWO,2026-09-29,27.850000381469727,45,0.45160650265201385,0.2844147836814109,False,1.9555667152684322
3611.TWO,2026-09-29,183.0,24,0.028520874095965338,0.07344215185890202,False,1.5996358012197334
3630.TWO,2026-09-29,26.649999618530273,337,0.08085220528020337,0.04014203348509934,False,0.9134556362701431
3631.TWO,2026-09-29,39.95000076293945,64,1.1537324721698126,0.4285375157459202,False,2.1717152760443454
3646.TWO,2026-09-29,24.799999237060547,6,-0.24140885619155006,-0.46054662661982004,False,1.038406570777731
3663.TWO,2026-09-29,62.400001525878906,550,0.5833784591488709,0.3640020478335949,False,2.8352021325418235
3666.TWO,2026-09-29,25.299999237060547,40,-0.07854758624468616,-0.27972956179850234,False,0.36496430051324324
3672.TWO,2026-09-29,12.5,16,-0.08623316167972597,-0.048908508563737726,False,0.8111109210019087
3680.TWO,2026-09-29,548.0,1079,2.3100365710642445,0.6239190416399898,False,45.250297797017765
3684.TWO,2026-09-29,53.400001525878906,7,-0.2134355023813872,-0.37310993314835933,False,-0.18982635757323862
3685.TWO,2026-09-29,35.20000076293945,324,0.339060837084414,0.24137949925038057,True,-0.09146810434830854
3687.TWO,2026-09-29,60.29999923706055,28,0.13067602346253562,0.3222091544956476,True,-0.28453124146317776
3689.TWO,2026-09-29,110.0,268,0.5121976778108277,0.33716064294175174,False,3.50710479974974
3709.TWO,2026-09-29,64.0,236,0.7251284835791739,0.44137550851479346,False,2.259050039484464
3713.TWO,2026-09-29,13.899999618530273,45,0.4772137939916002,0.47909549949262953,True,-0.06032376312186116
4102.TWO,2026-09-29,18.350000381469727,7,-0.07263122554858754,-0.11200026744318811,False,-0.20644449881569216
4105.TWO,2026-09-29,78.80000305175781,294,-0.08870448983734118,-0.216429245831925,False,1.7459283525441123
4107.TWO,2026-09-29,110.5,43,0.1653732197882088,0.43775828500175523,True,-0.09455649732676363
4109.TWO,2026-09-29,11.050000190734863,54,0.2234428090565763,0.32562966816373,False,0.24753394050526367
4111.TWO,2026-09-29,28.799999237060547,17,0.11300944303548684,0.3240291776393146,False,0.14974413733026992
4113.TWO,2026-09-29,15.550000190734863,619,-0.29319566588449075,-0.2465786533841009,False,0.4382448970968298
4114.TWO,2026-09-29,29.299999237060547,605,0.23007209028690562,0.4553605441474676,False,-0.09847922920947028
4116.TWO,2026-09-29,39.400001525878906,11,-0.018542158042239725,-0.04218024378354589,False,0.10379860599202573
4120.TWO,2026-09-29,46.099998474121094,4,-0.10059039967677255,-0.09296747319502792,False,0.4890571901309855
4121.TWO,2026-09-29,12.75,18,0.07837744625041834,0.1154148714199955,False,0.145631291978912
4123.TWO,2026-09-29,31.0,1031,-0.10124771858063734,-0.09677342713876895,False,0.8638679511839698
4126.TWO,2026-09-29,77.9000015258789,8,-0.04466627130993074,-0.16732334507670565,False,0.37899568880851575
4128.TWO,2026-09-29,15.0,1200,0.23508602218245409,0.2598257724603998,False,0.5057451498034844
4129.TWO,2026-09-29,82.9000015258789,125,0.20846436138620736,0.29820906633600586,False,1.3042377819819535
4131.TWO,2026-09-29,31.950000762939453,20,-0.22937227758712003,-0.19511364037183979,False,1.395539258675928
4138.TWO,2026-09-29,55.099998474121094,54,0.11097462400461791,0.10789699697077453,False,2.816352784839495
4139.TWO,2026-09-29,41.650001525878906,63,0.28903747062376395,0.23114716822328554,False,1.053283854242089
4147.TWO,2026-09-29,63.0,578,0.29801499781492874,0.15097935391126246,False,2.386591032580675
4153.TWO,2026-09-29,31.5,4,0.10336900772208125,0.09550941415262329,False,-0.15136107617608374
4160.TWO,2026-09-29,39.04999923706055,6,-0.05584728901743982,-0.059741952017240564,False,1.2023818639571289
4161.TWO,2026-09-29,22.049999237060547,41,0.08749085989245058,0.22907297626253292,False,-0.05978675223898122
4162.TWO,2026-09-29,55.400001525878906,112,0.14818523602282585,0.1611538374513164,False,0.9652560184184011
4163.TWO,2026-09-29,135.0,23,-0.10421136035201752,-0.07394578589288305,False,5.438639602180075
4166.TWO,2026-09-29,23.850000381469727,24,0.12825545226666316,0.09828271291195839,False,0.09149675748731312
4167.TWO,2026-09-29,19.549999237060547,542,0.16540394808250924,0.18060873465186794,False,0.6349216284361638
4168.TWO,2026-09-29,21.700000762939453,36,0.04297410181031936,0.0507549623336112,False,0.18510941911539192
4171.TWO,2026-09-29,16.5,31,0.17638125055480317,0.2435919320669374,False,0.2849377671698008
4173.TWO,2026-09-29,17.100000381469727,53,0.11716432202694689,0.20373142911388878,False,0.06477644696921914
4175.TWO,2026-09-29,50.5,14,0.1897923989628602,0.29420513217640837,False,-0.3524439738516634
4183.TWO,2026-09-29,13.949999809265137,7,0.9824559001613612,0.3012219759837556,False,0.7071589855882099
4192.TWO,2026-09-29,18.450000762939453,5,0.13288628477572148,0.05841694026661806,False,0.2674513475750864
4205.TWO,2026-09-29,68.5,13,0.0038155764198983047,0.01424677111026235,True,-0.150267017329071
4207.TWO,2026-09-29,19.450000762939453,170,0.11529792893427974,0.14259595323331473,False,0.2027995892004384
4303.TWO,2026-09-29,33.400001525878906,819,0.5668732765833208,0.3594146130812463,False,-0.7267756432476489
4305.TWO,2026-09-29,41.75,3,-0.03241547659208151,-0.044137919194831926,False,0.09398762974129227
4401.TWO,2026-09-29,13.850000381469727,22,0.09724286826505676,0.08833717145628443,False,0.13718052707338124
4402.TWO,2026-09-29,14.149999618530273,12,-0.6309145113380498,-0.4790294527229792,False,0.22641626958542105
4406.TWO,2026-09-29,10.25,36,0.2512100011658283,0.3411496105524708,False,0.32327454050761517
4413.TWO,2026-09-29,20.5,65,0.08359757957155596,0.03923054577762924,False,1.5174874906802032
4417.TWO,2026-09-29,49.650001525878906,43,-0.15305929408815905,-0.16905856108439385,False,2.6116078331631627
4419.TWO,2026-09-29,49.0,78,-0.08709089780909528,-0.04324915171021624,False,3.9324369166478235
4420.TWO,2026-09-29,35.79999923706055,10,-0.0687770605588823,-0.06214787252510914,False,0.22843840136427218
4430.TWO,2026-09-29,17.799999237060547,32,-0.1663025570641754,-0.17490628749576123,False,0.5889685169706596
4432.TWO,2026-09-29,15.399999618530273,31,0.051071337209989645,0.05894473870237572,False,-0.05551068679063498
4433.TWO,2026-09-29,18.049999237060547,21,0.06179868494674719,0.06832597590289145,False,-0.0729309710633359
4442.TWO,2026-09-29,53.20000076293945,13,-0.09198535996504195,-0.05512748788274449,False,2.285521327278218
4502.TWO,2026-09-29,15.699999809265137,5,0.0003971450794689916,0.0014912587246957909,False,0.04500581047781438
4503.TWO,2026-09-29,24.0,115,1.0341393059230857,0.6790936406228701,False,1.4186621826913282
4506.TWO,2026-09-29,118.0,44,0.21348160929810203,0.49669805473084044,False,-0.2121227022712162
4510.TWO,2026-09-29,43.04999923706055,296,0.04987703350597169,0.02809335773720268,False,0.7257492035324731
4513.TWO,2026-09-29,16.299999237060547,186,0.4149572803685703,0.3523202341910546,False,0.8811074300800783
4523.TWO,2026-09-29,23.850000381469727,32,0.5270718919288266,0.31350781676014694,False,0.41198125691350285
4527.TWO,2026-09-29,40.900001525878906,16,-0.10598030735722556,-0.22316803007486438,False,0.2925414276656113
4528.TWO,2026-09-29,14.850000381469727,17,0.12926161113936865,0.3412057523976593,False,0.015741680530368285
4533.TWO,2026-09-29,25.5,440,0.7553816087046513,0.5517118256830871,False,1.0472772496111311
4535.TWO,2026-09-29,26.799999237060547,15,0.4549509750667458,0.6028319523090542,False,-0.09577164800393945
4538.TWO,2026-09-29,17.549999237060547,10,0.008314343083280228,0.011839465511749489,False,0.2529748156520881
4543.TWO,2026-09-29,28.5,172,0.47982011959997983,0.4625034760295865,False,0.6523376563236063
4549.TWO,2026-09-29,96.19999694824219,31,0.6263559733730951,0.5058869017476916,False,1.406472494789469
4550.TWO,2026-09-29,24.149999618530273,5,0.11509767060870013,0.0921411500689658,False,0.38463139265337887
4554.TWO,2026-09-29,28.049999237060547,27,0.4404709295751499,0.5005459393265673,False,0.09330111734012192
4558.TWO,2026-09-29,16.899999618530273,28,0.10375719392314742,0.08715737640998938,False,-0.15977970750250847
4561.TWO,2026-09-29,41.900001525878906,67,0.6678998601785173,0.5239535088378705,False,1.7905248602605752
4568.TWO,2026-09-29,39.04999923706055,4,0.27495398532853477,0.23411942425732743,False,0.2574254500643747
4577.TWO,2026-09-29,84.0,170,0.8174534699437712,0.4675454568492624,False,0.3999368660041256
4580.TWO,2026-09-29,81.0,32,1.1680921789364207,0.5028715849137796,False,1.1743782385188695
4711.TWO,2026-09-29,16.200000762939453,50,0.16262201529339054,0.22731365739201378,False,-0.059501031586616904
4716.TWO,2026-09-29,16.899999618530273,437,-0.06307992150310357,-0.03093212348688382,False,0.5301506225843546
4721.TWO,2026-09-29,79.80000305175781,915,0.18047272949249973,0.13151904358911654,False,9.235038681935023
4726.TWO,2026-09-29,22.649999618530273,88,0.3373240376924216,0.3400274621430453,False,0.23006537002187954
4728.TWO,2026-09-29,399.5,5,0.07579214224888665,0.060880171038820416,False,8.338503307591566
4729.TWO,2026-09-29,18.799999237060547,71,0.288495749046978,0.4210969608349433,False,0.40094551642783216
4735.TWO,2026-09-29,36.20000076293945,64,-0.25417612633192094,-0.24027941836672057,False,0.7942232030541874
4743.TWO,2026-09-29,45.70000076293945,1051,0.49209720120385353,0.2866341328627425,False,1.8947898259105287
4745.TWO,2026-09-29,12.100000381469727,99,0.19055012837183927,0.28411778893227724,False,0.45610451113442885
4754.TWO,2026-09-29,37.70000076293945,23,0.22635628644426814,0.3508008369254845,False,0.4441565769389726
4760.TWO,2026-09-29,260.0,240,1.3943730917551307,0.6187652560624646,False,3.0977897747052907
4767.TWO,2026-09-29,28.299999237060547,69,0.12082266356544692,0.0837465464692783,False,0.6259809007925767
4772.TWO,2026-09-29,271.0,2791,0.5372393402301654,0.21700465855235437,False,33.812180143795615
4907.TWO,2026-09-29,45.25,15,0.15525805207765073,0.10242808027074866,False,1.663556617294148
4911.TWO,2026-09-29,28.450000762939453,13,0.15177790301433272,0.14015214337892387,False,-0.05646520902594432
4931.TWO,2026-09-29,246.0,6698,1.4885240381465041,0.5664535689328476,False,14.452398102197236
4933.TWO,2026-09-29,53.400001525878906,15,0.2660420394249578,0.2990419537944214,False,2.168918475779307
4946.TWO,2026-09-29,102.0,34,0.24099588029831814,0.13535253343405215,False,12.814210889265738
4950.TWO,2026-09-29,15.550000190734863,5,0.283984092772547,0.1633617519315833,False,0.008812907336475106
4953.TWO,2026-09-29,116.5,135,0.15316007132510662,0.11393413810567744,False,-0.6636139976363751
4966.TWO,2026-09-29,569.0,233,0.8719049385809662,0.43947858735861145,False,31.585784730165415
4972.TWO,2026-09-29,16.350000381469727,10,0.02236273433058037,0.04821111710777811,False,0.15533911046069804
4974.TWO,2026-09-29,70.5999984741211,42,0.2551478206406304,0.16067472799259647,False,0.9181258649506248
4995.TWO,2026-09-29,50.099998474121094,51,-0.36228880678655667,-0.39733250221869254,False,0.4390576959903001
5009.TWO,2026-09-29,32.599998474121094,1497,0.20601418177981398,0.1922975249420625,False,0.7467496501955857
5011.TWO,2026-09-29,18.75,183,0.09427145820428495,0.09919242275943436,False,0.7868982170948264
5014.TWO,2026-09-29,10.199999809265137,542,0.044469362084644505,0.056575227624922786,False,0.3912825085548963
5015.TWO,2026-09-29,21.350000381469727,16,0.14400023942073703,0.18208006516171768,False,-0.16813118414811612
5016.TWO,2026-09-29,24.799999237060547,5,-0.08062034677207364,-0.15466613655964745,False,0.35880852751339987
5206.TWO,2026-09-29,22.75,98,0.7134860995545259,0.5047548324160178,False,0.839772208475182
5210.TWO,2026-09-29,30.25,342,-0.05344567585281602,-0.033418827499899814,False,1.981969260752468
5211.TWO,2026-09-29,20.200000762939453,3,0.11254257942463265,0.04740533500283524,False,0.9504111114658365
5212.TWO,2026-09-29,48.900001525878906,21,0.1982105284298863,0.18774328898061335,False,2.8222717423874712
5213.TWO,2026-09-29,20.799999237060547,115,0.15924925832168918,0.2008852457632118,False,0.3281153507984129
5220.TWO,2026-09-29,22.0,456,-0.33362824771707567,-0.16011908679796016,False,2.759783064235382
5223.TWO,2026-09-29,23.0,3,-0.17086760287910266,-0.09501093999815022,False,0.39423370770220245
5227.TWO,2026-09-29,30.649999618530273,250,0.7256312682625916,0.24784382989644138,False,1.1971502415312898
5228.TWO,2026-09-29,39.349998474121094,64,1.8355710515039143,0.7426145397120302,False,0.3997268765204396
5272.TWO,2026-09-29,17.149999618530273,49,0.19896040199077125,0.23348748298198815,False,0.4703616694072821
5278.TWO,2026-09-29,23.899999618530273,48,0.13702785928998826,0.1440608213492879,False,0.43224401899758647
5287.TWO,2026-09-29,137.5,68,0.22745317096548465,0.35396417629340465,False,2.805274572227148
5299.TWO,2026-09-29,100.0,153,0.9510718891216187,0.5180759801731567,False,7.577851302760507
5312.TWO,2026-09-29,89.9000015258789,8,0.09809400017889058,0.22188416958569082,False,0.009740396408432161
5315.TWO,2026-09-29,18.700000762939453,130,0.43259192329787843,0.37448278175629673,False,0.5087362146497476
5324.TWO,2026-09-29,12.399999618530273,25,0.2188286961061451,0.24040934149272908,False,0.2176667437852
5340.TWO,2026-09-29,80.5,712,0.7973959879002543,0.42726676518025586,False,0.2006988153404876
5344.TWO,2026-09-29,13.350000381469727,48,0.2694704131701499,0.14128181744771973,False,0.250259544481068
5345.TWO,2026-09-29,22.0,9,-0.1697751119964301,-0.05212012311060195,False,0.9228199272117337
5348.TWO,2026-09-29,16.350000381469727,3,0.23936216881706449,0.14755322882708255,False,0.36751170196280825
5353.TWO,2026-09-29,28.450000762939453,15,0.0482015233638437,0.11799064674679792,False,0.8335509617996912
5356.TWO,2026-09-29,25.5,142,0.1784412315326674,0.3371562157381983,False,-0.2518561857978625
5398.TWO,2026-09-29,13.899999618530273,38,-0.18239543264843025,-0.2864717773203337,True,-0.06631685355363004
5403.TWO,2026-09-29,92.9000015258789,28,0.1948522772763451,0.4145787183051604,False,0.2079533689463915
5425.TWO,2026-09-29,95.80000305175781,6584,0.7524812339055115,0.3425438005378936,False,6.588264068095697
5426.TWO,2026-09-29,27.799999237060547,254,1.0032006655617136,0.5045373911356282,False,0.49767848225188516
5438.TWO,2026-09-29,17.0,55,0.2413679454569375,0.30421559917660557,False,0.6125503356257269
5450.TWO,2026-09-29,14.75,79,0.3147914406873154,0.3259886940711775,False,0.28143640544102766
5452.TWO,2026-09-29,27.149999618530273,180,0.9697377735836731,0.6225379291064992,False,1.0624908026737572
5455.TWO,2026-09-29,30.700000762939453,2,0.11797814185570103,0.16364768575993904,False,1.1273239033475448
5460.TWO,2026-09-29,16.899999618530273,10,-0.03986841034479849,-0.021846947318304187,False,0.8000071173338803
5468.TWO,2026-09-29,25.549999237060547,193,1.0888628584951874,0.34582474318310835,False,1.6300394836357732
5478.TWO,2026-09-29,97.0,29,0.07697440118986305,0.3090246376759917,False,0.2639385341101672
5481.TWO,2026-09-29,22.0,67,0.15203246274534188,0.13865571488007944,False,1.68395998621439
5483.TWO,2026-09-29,189.0,13184,1.040541119897287,0.4447743431321213,False,12.728638204988556
5487.TWO,2026-09-29,28.5,9,-0.24018387833388852,-0.1392604029442042,False,-0.16787723504486252
5488.TWO,2026-09-29,11.75,104,0.4512166937009496,0.31949487150385836,False,0.10814359080277924
5489.TWO,2026-09-29,42.20000076293945,70,1.0247513833023891,0.3745680116682046,False,2.28950844461513
5490.TWO,2026-09-29,25.450000762939453,214,0.3451581710037898,0.3531824020209194,False,0.5333481790480015
5508.TWO,2026-09-29,53.0,210,0.10840709045334652,0.06215850621610038,False,0.7400195123531148
5511.TWO,2026-09-29,69.69999694824219,89,0.18957657501082384,0.2815174913647791,False,0.5686454175659605
5514.TWO,2026-09-29,15.100000381469727,1,-0.32088536526575706,-0.4618638966681927,False,0.2809453068431029
5516.TWO,2026-09-29,12.0,3,0.044291646882641846,0.028309884087016183,False,0.2692599615443676
5520.TWO,2026-09-29,83.19999694824219,2,0.041357268608659195,0.13910784879091415,False,1.3320430512680588
5530.TWO,2026-09-29,48.75,159,-0.23660846324269139,-0.41348767373060236,False,-0.12464141110488214
5536.TWO,2026-09-29,902.0,706,1.884269411606772,0.6802220296498649,False,72.87913380513533
5543.TWO,2026-09-29,26.950000762939453,16,0.10328055962793967,0.05087937178338016,False,0.27110858552983785
5547.TWO,2026-09-29,20.0,19,0.03547156490060855,0.043581458118088855,False,0.3201356766629644
5548.TWO,2026-09-29,20.200000762939453,11,0.06721465102299969,0.15196116131838597,False,0.01773583595628736
5601.TWO,2026-09-29,28.899999618530273,5,0.16016165489663675,0.15262010795142558,False,-0.7911561514821415
5603.TWO,2026-09-29,13.399999618530273,45,0.15173685474477905,0.3098815476936088,False,-0.025543544137557106
5604.TWO,2026-09-29,30.950000762939453,13,0.1837717971800379,0.31365641833352537,False,0.12667236769117096
5609.TWO,2026-09-29,78.19999694824219,109,0.09752432180590914,0.2825679473526483,False,0.20643989427233578
5704.TWO,2026-09-29,22.5,6,0.15679681429073028,0.2995896941804039,False,-0.03311142515843457
5864.TWO,2026-09-29,36.900001525878906,1775,1.0708728316370864,0.605106849116316,False,2.0469450272033356
5878.TWO,2026-09-29,37.900001525878906,9,-0.020567677091761043,-0.08118711523295313,False,-0.06351476831861191
5902.TWO,2026-09-29,34.20000076293945,5,-0.17968748430373963,-0.26539983126922195,False,0.10086247125998682
5903.TWO,2026-09-29,186.5,21,0.13372269584153548,0.4279826687912999,False,2.5075316387031137
5904.TWO,2026-09-29,68.80000305175781,4539,-0.017540957169088,-0.013592280297718286,False,-1.3974235240204962
6015.TWO,2026-09-29,17.399999618530273,1202,0.8115376198371541,0.4240800527518322,False,0.8787285802619422
6020.TWO,2026-09-29,20.5,3,0.288541065538874,0.535566431288028,False,0.07261496266234957
6023.TWO,2026-09-29,86.0,445,-0.25806405828187196,-0.17630287654040497,False,1.944825490099248
6026.TWO,2026-09-29,15.899999618530273,617,0.3750567852489106,0.4098360817635897,False,0.9371256695893724
6028.TWO,2026-09-29,98.80000305175781,19,0.16257259014148784,0.16191962648170818,False,4.250355567690406
6101.TWO,2026-09-29,37.25,72,-0.06666976000095184,-0.060305442262703395,False,-0.028287905702036653
6104.TWO,2026-09-29,91.0,268,0.5181863792769086,0.41226095027215776,False,1.849541760749588
6109.TWO,2026-09-29,10.350000381469727,128,0.13755177613532613,0.19683117346656734,False,-0.03258264376208864
6113.TWO,2026-09-29,22.149999618530273,26,0.31982287179001345,0.2819954741134505,False,0.13042936099281377
6118.TWO,2026-09-29,15.949999809265137,939,0.4867690163222054,0.20382238571352412,False,1.1342763573012125
6121.TWO,2026-09-29,379.5,316,0.18059879527162973,0.16535317858646378,False,9.728809542830447
6123.TWO,2026-09-29,43.20000076293945,38,-0.04221682658252247,-0.09398872908326901,False,0.47663066854008207
6124.TWO,2026-09-29,27.450000762939453,1,0.39107243470034114,0.3332260897954306,False,0.9088203507803065
6125.TWO,2026-09-29,49.25,334,0.3109912904448148,0.2368040110607279,False,1.1328559368700795
6126.TWO,2026-09-29,30.799999237060547,195,0.2665285882064494,0.15572239777925703,False,2.209077408998013
6127.TWO,2026-09-29,51.0,6454,1.491497062951457,0.46495463707723333,False,3.9001313675289495
6129.TWO,2026-09-29,14.649999618530273,133,0.769265690350072,0.26641608603842165,False,0.4408001429089765
6134.TWO,2026-09-29,29.25,53,0.4920322516416059,0.4576929982750453,False,0.9478155566915731
6138.TWO,2026-09-29,278.5,400,0.920650770521612,0.5416586904681425,False,11.520866035336383
6143.TWO,2026-09-29,81.0,172,0.23552570350384203,0.2534382301123965,False,0.7228056529601616
6144.TWO,2026-09-29,12.550000190734863,8,0.22471975194131436,0.2775218844133608,False,-0.09586352880999627
6146.TWO,2026-09-29,180.0,154,0.3125419490789092,0.42934608870757507,False,3.1486112305284166
6150.TWO,2026-09-29,62.099998474121094,116,-0.1765681585826953,-0.1074504147363169,False,2.2036817755336386
6151.TWO,2026-09-29,34.75,103,0.47032314188118435,0.5047838376830729,False,0.4393919884710442
6154.TWO,2026-09-29,14.149999618530273,27,0.07317451763803604,0.1311245581341187,False,0.21679834645014928
6156.TWO,2026-09-29,21.649999618530273,912,0.3660511226416108,0.28382270057326814,False,1.4294983085064317
6158.TWO,2026-09-29,17.25,14,-0.003591070675818735,-0.003259438716832568,False,0.4038120067815676
6160.TWO,2026-09-29,13.899999618530273,39,0.1170872750779555,0.13666157004434287,False,-0.15842240690539278
6161.TWO,2026-09-29,49.0,60,0.4406908923900017,0.2735706532605717,False,0.9397963484628136
6163.TWO,2026-09-29,41.5,483,0.7414545907096501,0.45111236435687013,False,1.8483462761933538
6167.TWO,2026-09-29,10.199999809265137,179,0.4067587477666641,0.37824258354662094,False,0.12538983412376403
6169.TWO,2026-09-29,12.0,10,-0.20866857565875363,-0.17959300346800264,False,0.030733398315023308
6170.TWO,2026-09-29,48.79999923706055,197,-0.006708418049363067,-0.012083608137860358,False,0.9362831352656684
6171.TWO,2026-09-29,26.600000381469727,93,0.12930601973557176,0.11594044451774362,False,0.9209248542321014
6174.TWO,2026-09-29,45.04999923706055,1096,1.1457088503954806,0.4385489060257182,False,3.0274616176534934
6175.TWO,2026-09-29,69.19999694824219,257,1.0679678477164976,0.6971727399408427,False,0.4345980070361293
6180.TWO,2026-09-29,41.099998474121094,235,0.3216380117457003,0.268093718374201,False,0.6713645228322846
6185.TWO,2026-09-29,12.350000381469727,114,0.44461683037928224,0.49968922677642735,False,-0.023332235482635966
6186.TWO,2026-09-29,29.0,355,-0.2937258032162847,-0.28767799574039155,True,-0.2745958763077425
6188.TWO,2026-09-29,61.599998474121094,481,0.5263317747877256,0.5037308836149782,False,0.4778151502002572
6190.TWO,2026-09-29,69.30000305175781,1038,0.884298226016406,0.4673950244034496,False,2.7685784690332866
6194.TWO,2026-09-29,29.600000381469727,159,0.12753420174252625,0.15658313218835443,False,-0.022204488992084492
6195.TWO,2026-09-29,28.299999237060547,22,-0.07433353950909681,-0.13861018776388614,False,0.6734182160260787
6203.TWO,2026-09-29,59.900001525878906,60,0.0993488234542777,0.17621784535103704,False,0.43919722478680256
6210.TWO,2026-09-29,17.75,9,0.23274974378285299,0.15485514103994077,False,0.5481198819562074
6212.TWO,2026-09-29,33.650001525878906,4,-0.22601791802501994,-0.13173842629936738,False,2.597189708680588
6219.TWO,2026-09-29,12.149999618530273,81,0.17257995576647403,0.15477266144100307,False,0.20336872712823784
6220.TWO,2026-09-29,25.25,120,0.03528543649955449,0.07365625704750278,False,0.11018212574578712
6222.TWO,2026-09-29,18.799999237060547,1,0.28323470455890987,0.15580256433223666,False,0.15059164709128936
6229.TWO,2026-09-29,24.0,192,0.3252978349724094,0.5096807983052613,False,0.6673228180117263
6233.TWO,2026-09-29,21.799999237060547,113,0.40567300563611164,0.3118579829767987,False,1.6540350680932683
6242.TWO,2026-09-29,34.099998474121094,1,-0.03657776596341216,-0.06876274488913067,False,0.3269862296273658
6244.TWO,2026-09-29,23.5,1826,1.0607200405030601,0.6459425937026227,False,1.2434389980149838
6246.TWO,2026-09-29,12.899999618530273,12,0.05074017496078167,0.027553642474938078,False,0.4039605242386486
6248.TWO,2026-09-29,16.850000381469727,48,0.1816452759520481,0.5117009176929389,False,0.0940708161663899
6259.TWO,2026-09-29,29.299999237060547,75,1.1709676759894159,0.6873743201273274,False,1.1321294516615623
6261.TWO,2026-09-29,78.4000015258789,240,1.25297358713001,0.6317715270981612,False,2.8046362226372565
6266.TWO,2026-09-29,24.850000381469727,63,0.07955492890025612,0.17065582744893812,False,0.14749028236459338
6270.TWO,2026-09-29,30.25,425,0.7094589205684119,0.5048496415406715,False,2.1477383291704193
6274.TWO,2026-09-29,1485.0,5913,1.0327547563915889,0.3754601871320154,False,143.71446316031916
6275.TWO,2026-09-29,46.54999923706055,253,0.3977923186805442,0.2118284649264225,False,1.7539581684467649
6276.TWO,2026-09-29,19.450000762939453,49,0.20860997693447136,0.08655444302070799,False,0.1223049876589819
6279.TWO,2026-09-29,111.5,220,0.16168662468737988,0.14822017127145784,False,1.9652155434826
6284.TWO,2026-09-29,77.0,742,1.1625479980613898,0.5644239854905098,False,2.396721989145462
6292.TWO,2026-09-29,66.80000305175781,176,1.0976516732795267,0.551818900212219,False,4.528140315844773
6294.TWO,2026-09-29,28.25,10,0.19049331307015804,0.3386592738194207,False,-0.11125396612965943
6411.TWO,2026-09-29,77.5,176,0.6965919291625585,0.6175972936038785,False,0.5397187484300616
6417.TWO,2026-09-29,102.0,25,0.6199256359127995,0.43420971642220263,False,0.5241174943497526
6418.TWO,2026-09-29,34.599998474121094,23,0.8954785597436805,0.49160255026335553,False,0.579937017092746
6419.TWO,2026-09-29,152.0,123,1.0556475034168555,0.3779941437900447,False,4.805086516809553
6423.TWO,2026-09-29,85.9000015258789,23,0.7334116406726067,0.3757094964121642,False,5.088006556923389
6435.TWO,2026-09-29,252.5,312,1.2384363596730397,0.6306631447900098,False,14.482516082987672
6462.TWO,2026-09-29,103.0,1128,0.5032214874111463,0.3167455569987048,False,5.931446120628891
6469.TWO,2026-09-29,64.5,259,0.24711450510439023,0.28148762259142934,False,0.43374895042738615
6470.TWO,2026-09-29,42.70000076293945,11,0.01691148185079061,0.01662208596180992,False,0.9520275894912373
6474.TWO,2026-09-29,35.5,10,0.28160271193271413,0.39628421451070817,False,0.3650050096140518
6482.TWO,2026-09-29,23.350000381469727,3,-0.4339005961413879,-0.3482378193719963,False,-0.3942318002432117
6486.TWO,2026-09-29,80.5999984741211,43,-0.7760399478125067,-0.3513726335117076,False,1.642677869290324
6488.TWO,2026-09-29,945.0,9147,1.6592294046636502,0.5425618468421989,False,35.83590949611039
6492.TWO,2026-09-29,34.150001525878906,70,0.3300046348921773,0.35228297083127985,False,0.5424532242340518
6499.TWO,2026-09-29,74.5,143,0.19674876571821945,0.1121403553150643,False,3.669621089071711
6506.TWO,2026-09-29,18.5,34,0.009368122631048102,0.012620796951880361,False,0.5912933433409506
6509.TWO,2026-09-29,48.150001525878906,834,-0.05868504081242454,-0.06283459350765737,False,2.7511138493597826
6512.TWO,2026-09-29,20.25,2,-0.06604704313755232,-0.06293782087111277,False,0.11624167981677402
6516.TWO,2026-09-29,56.20000076293945,41,0.24510246721384427,0.28625023891938717,False,-0.3364211489530433
6523.TWO,2026-09-29,90.4000015258789,37,-0.04516877522817394,-0.11653365935206063,False,1.0401842878967358
6527.TWO,2026-09-29,75.0,10,0.05544882152907132,0.06641709498654796,False,0.9862456648358489
6532.TWO,2026-09-29,108.0,2254,0.696951346375899,0.24778046305595966,False,15.001985828134451
6535.TWO,2026-09-29,80.69999694824219,199,0.5905315507624168,0.16016104498470102,False,5.894150845781525
6546.TWO,2026-09-29,58.599998474121094,377,0.09727121636228447,0.07345657434832853,False,0.04534353933564006
6548.TWO,2026-09-29,71.80000305175781,864,0.6007571431955722,0.2767028812238288,False,1.153356662173394
6556.TWO,2026-09-29,61.900001525878906,5,0.2040678355232429,0.3251453592652143,False,1.211842659462853
6561.TWO,2026-09-29,308.5,132,0.21544458030652885,0.3015212975203546,True,-1.5345284917154345
6568.TWO,2026-09-29,144.0,136,0.47262859873650026,0.2068142756935049,False,12.4342364995386
6569.TWO,2026-09-29,92.0,36,0.2797460524882519,0.378347409774821,False,1.695419773550185
6574.TWO,2026-09-29,119.5,22,0.01652408128550522,0.02059499837143199,False,0.6819118689418957
6576.TWO,2026-09-29,79.69999694824219,118,0.1491465231013904,0.11939925047855476,False,-0.34151495014813804
6577.TWO,2026-09-29,79.4000015258789,16,-0.1654239910472157,-0.2505307518442631,False,0.6683922767497563
6578.TWO,2026-09-29,16.549999237060547,19,0.19961587511999238,0.18481167056917988,False,-0.15623064382269192
6593.TWO,2026-09-29,32.25,23,-0.16604424894365336,-0.17338174858562266,False,0.769381422732252
6596.TWO,2026-09-29,96.9000015258789,62,0.3499377217350534,0.5596609651407675,False,2.782256202620488
6597.TWO,2026-09-29,68.5,2,-0.058604029786740834,-0.05176007588129819,False,-0.1781619744101306
6609.TWO,2026-09-29,39.599998474121094,62,0.17303561586006266,0.22351777733675443,False,0.6454211650680861
6612.TWO,2026-09-29,71.80000305175781,18,-0.048689954738184646,-0.0479002113003177,False,1.6818200017712854
6613.TWO,2026-09-29,270.0,139,1.0309763295827963,0.5570003703559866,False,13.102701367227667
6615.TWO,2026-09-29,33.400001525878906,4,0.33455975947559385,0.579274160367146,False,-0.15213110151378828
6624.TWO,2026-09-29,39.20000076293945,8,0.26689179329846874,0.14880916769204905,False,1.1437021015663404
6629.TWO,2026-09-29,103.5,4,0.21421511667126986,0.17981690589447258,False,1.1536817003564153
6637.TWO,2026-09-29,54.099998474121094,9,0.007401329143747656,0.009737757935147312,False,0.4289836459797911
6642.TWO,2026-09-29,80.69999694824219,318,0.8981017519814578,0.4463276831004482,False,4.90221762344035
6649.TWO,2026-09-29,36.79999923706055,22,-0.2343562025591863,-0.1358124879580272,False,1.831836086581518
6651.TWO,2026-09-29,150.5,158,1.0553894461603472,0.463818391992181,False,9.487239661876032
6661.TWO,2026-09-29,16.200000762939453,19,-0.24649737320653636,-0.10050976415489397,False,0.3081502383490573
6664.TWO,2026-09-29,370.0,585,0.5834582784122737,0.31802133704701024,False,34.92382515539981
6679.TWO,2026-09-29,206.0,385,0.6078506505465734,0.3916796302452355,False,10.732611957435296
6680.TWO,2026-09-29,51.29999923706055,8,0.7763715296777173,0.3714892430664083,False,-0.8125662792946287
6692.TWO,2026-09-29,23.200000762939453,20,-0.5103209425718157,-0.3219921494406098,False,0.2882007471329331
6697.TWO,2026-09-29,41.099998474121094,19,-0.16270425027924232,-0.17836384270153463,False,0.6492128169302944
6703.TWO,2026-09-29,100.0,28,0.22464662770637167,0.35472402179011786,False,0.10913278398663806
6712.TWO,2026-09-29,161.5,193,0.10996520964226732,0.12351862882562108,False,6.5829029688116805
6716.TWO,2026-09-29,114.5,147,-0.07649330487249667,-0.025324683947651323,False,0.2816376993578871
6720.TWO,2026-09-29,127.5,9,-0.0714335224747113,-0.07472301503751155,False,-0.38897270202535594
6721.TWO,2026-09-29,50.0,4,0.18783400631176125,0.20130342682819402,False,0.22820432945146507
6725.TWO,2026-09-29,217.5,53,1.533715906128213,0.7301905328597964,False,6.590070887540463
6728.TWO,2026-09-29,108.0,31,0.324746407371227,0.5445590212699896,False,0.8757890586085466
6730.TWO,2026-09-29,32.0,6,-0.035472965794610394,-0.05804130382358128,False,0.3324732735828988
6732.TWO,2026-09-29,151.0,61,0.1777202279774738,0.18409876130558658,False,5.280382404596452
6733.TWO,2026-09-29,25.100000381469727,40,0.5576293149676051,0.40333672345515464,False,0.2677003206779851
6735.TWO,2026-09-29,64.9000015258789,105,1.3447779267581306,0.5550433529192078,False,4.597631882426725
6741.TWO,2026-09-29,55.400001525878906,98,-0.016209946566848273,-0.017876334344637475,True,-1.273883277658129
6751.TWO,2026-09-29,44.95000076293945,30,-0.09274671334784187,-0.0827054566791833,False,4.065066247843681
6752.TWO,2026-09-29,95.9000015258789,13,-0.05760377361339905,-0.04891696610645948,False,0.4164173046222146
6763.TWO,2026-09-29,41.150001525878906,60,0.1635241550679111,0.26717339262658263,False,0.3973773412254218
6767.TWO,2026-09-29,24.450000762939453,6,-0.46919532963897037,-0.29440502949781694,False,0.17788447821604692
6785.TWO,2026-09-29,96.19999694824219,30,0.4699302374680723,0.1710514748814141,False,4.857776655844205
6791.TWO,2026-09-29,99.0999984741211,6,0.21386429978826788,0.18875241816499955,False,0.27500682963369627
6803.TWO,2026-09-29,266.5,92,-0.07404759235824261,-0.24516213320856045,True,-0.10425758155463427
6804.TWO,2026-09-29,18.100000381469727,48,0.07708642729482146,0.09194615120622807,False,0.06985310166551528
6821.TWO,2026-09-29,40.95000076293945,41,0.33299049821770466,0.21374731901927607,False,0.9422539571209967
6823.TWO,2026-09-29,63.0,116,0.2417049974710541,0.14833913748996322,False,4.231205475371873
6841.TWO,2026-09-29,55.29999923706055,659,0.5830127293067737,0.44293134178813687,False,3.01198457722802
6843.TWO,2026-09-29,38.349998474121094,3,0.19921404919363578,0.21369092155266922,False,0.3661735455437878
6844.TWO,2026-09-29,57.400001525878906,11,0.013636504282835991,0.02038162704093486,False,0.31664024356429366
6846.TWO,2026-09-29,58.20000076293945,4,0.25036263954217836,0.1774148985130848,False,0.4665520976483464
6856.TWO,2026-09-29,41.79999923706055,5,0.14914027410873312,0.22677741264571388,False,0.6596909250496878
6859.TWO,2026-09-29,120.0,11,0.0020047493619191684,0.0008430217186572969,False,8.145777399636088
6874.TWO,2026-09-29,70.19999694824219,8,0.09237558244416293,0.08200610058035096,False,2.235931737163412
6875.TWO,2026-09-29,31.350000381469727,89,0.4757001341630966,0.17329843559595226,False,-0.17366331915437172
6881.TWO,2026-09-29,214.5,3,0.08431708580585431,0.15182698750838228,False,2.2204781152005637
6884.TWO,2026-09-29,31.100000381469727,4,0.5772985325882564,0.3003495591838457,False,1.4164010882416989
6894.TWO,2026-09-29,362.0,22,0.5879875641734374,0.2825859970787349,False,15.828117174797
6899.TWO,2026-09-29,49.5,13,0.25255643727208155,0.33308535148144736,False,0.24452632335604818
6903.TWO,2026-09-29,304.5,214,1.334989078549812,0.7258014803751269,False,8.382857306235792
6904.TWO,2026-09-29,121.5,1,-0.02779580864423373,-0.030494438289413065,False,1.4867994306203087
6910.TWO,2026-09-29,26.5,25,0.2802844490584466,0.2223288198954304,False,1.9102802211725027
6929.TWO,2026-09-29,21.649999618530273,4,1.2614312973573532,0.5699330696900314,False,0.1540999202171065
6953.TWO,2026-09-29,241.0,32,1.593808235958436,0.6253083880573459,False,11.955003145312844
6961.TWO,2026-09-29,47.650001525878906,35,-0.05156241577616296,-0.12278956541704615,False,0.08722237779234376
6968.TWO,2026-09-29,41.54999923706055,12,-0.04105126036001795,-0.21446695390313789,False,0.062228055014294625
6971.TWO,2026-09-29,23.700000762939453,6,0.06088493794530114,0.08216083219392199,False,-0.21642845093797547
6982.TWO,2026-09-29,43.5,15,-0.04145393859543045,-0.04397419392045969,False,0.27460334985423884
6983.TWO,2026-09-29,346.0,33,0.24225952156459504,0.17350294943642877,False,0.7966008124056998
6996.TWO,2026-09-29,168.5,27,0.615804403906993,0.31958623592498825,False,3.0326069963245743
6997.TWO,2026-09-29,68.0,5,0.22528036654762418,0.19147527134481698,False,1.12681799024476
7402.TWO,2026-09-29,99.0999984741211,178,0.7238008660306292,0.5281409530846869,False,0.8127832903023062
7556.TWO,2026-09-29,267.5,74,1.1782206203186885,0.5939224140576305,False,25.806727426852234
7584.TWO,2026-09-29,28.950000762939453,4,-0.5970977887043932,-0.22656959881820338,False,2.8204669771925417
7704.TWO,2026-09-29,61.29999923706055,29,0.35406520219131177,0.3146361363157039,False,1.0867664571352478
7708.TWO,2026-09-29,91.9000015258789,27,0.014286927247536142,0.0650828195765574,False,0.21873495241706564
7712.TWO,2026-09-29,161.0,113,1.2164212421402034,0.5601678573489629,False,12.37341478641207
7713.TWO,2026-09-29,74.0999984741211,2,0.07152892570653187,0.09737465464352435,False,0.7321955470105905
7715.TWO,2026-09-29,27.600000381469727,33,0.3333948128291293,0.28391733136022945,False,0.12166767849179294
7716.TWO,2026-09-29,23.899999618530273,5,0.058317116874718196,0.07077780815179499,False,0.5416099965886758
7718.TWO,2026-09-29,46.70000076293945,4,-0.11707012219501496,-0.189882667347772,False,0.9457535154954471
7723.TWO,2026-09-29,18.299999237060547,36,0.18775675785677692,0.14403857506209536,False,-0.06044030928365629
7738.TWO,2026-09-29,156.0,8,0.1617243839767239,0.14297822095915577,False,-1.2844458771031384
7747.TWO,2026-09-29,111.0,3,0.08979785161133408,0.11640647411955123,False,-1.077310048527849
7753.TWO,2026-09-29,35.599998474121094,21,0.17126428931590612,0.26989715612720644,False,0.05846544653077501
7757.TWO,2026-09-29,90.5,21,0.6486408273439025,0.576342896412808,False,2.581066632511508
7767.TWO,2026-09-29,46.20000076293945,21,-0.18109084197585876,-0.20170313381912788,False,1.5077632043575022
7782.TWO,2026-09-29,24.950000762939453,3,-0.08341623421176202,-0.0912433593190735,False,-0.3107170833565398
7805.TWO,2026-09-29,489.0,57,0.36179800659998745,0.275990879631027,False,-5.380232741288012
7810.TWO,2026-09-29,227.5,94,0.2972537055212842,0.14250642433351066,False,12.240972807102963
7811.TWO,2026-09-29,73.5,11,0.25798719697809286,0.532565674741588,False,1.1474035000199052
7814.TWO,2026-09-29,28.399999618530273,10,-0.09686352312761251,-0.08984636741046552,False,0.19496834731311452
7819.TWO,2026-09-29,34.29999923706055,8,-0.6291749352711896,-0.4818133554966123,False,0.4395110753850986
7839.TWO,2026-09-29,43.29999923706055,9,0.06873366670851308,0.04957634311390763,False,0.43278045351632244
7842.TWO,2026-09-29,98.5999984741211,1,0.18667762634036078,0.16428354488197452,False,1.7086410844295017
8024.TWO,2026-09-29,12.550000190734863,29,0.07547657853932555,0.07407578788703525,False,-0.07571155711899458
8032.TWO,2026-09-29,35.79999923706055,88,0.581490479543584,0.6213535300275231,False,1.0604918178593579
8034.TWO,2026-09-29,20.5,65,0.9074224849317296,0.4773429816863808,False,0.9575036578403235
8038.TWO,2026-09-29,32.45000076293945,90,0.04501240620589659,0.01752122185281658,False,1.9562989228431107
8044.TWO,2026-09-29,24.100000381469727,146,0.12498280930809065,0.08669129131209638,False,0.7067388001821939
8048.TWO,2026-09-29,50.400001525878906,90,0.793445097130296,0.38615550700655493,False,2.0459234779387216
8049.TWO,2026-09-29,24.5,152,0.051224634490736505,0.1463203663128574,False,0.1181082207956301
8054.TWO,2026-09-29,87.19999694824219,1173,0.7105587884334573,0.4006483789388476,False,6.167687629559595
8066.TWO,2026-09-29,15.0,10,0.04562121228237244,0.029077532256449785,False,0.6844151789846666
8067.TWO,2026-09-29,12.300000190734863,4,-0.3300581449220734,-0.13977149407663964,False,0.73055736282714
8069.TWO,2026-09-29,142.5,8495,0.7692493121220383,0.49574850561195344,False,-0.47299599948885884
8076.TWO,2026-09-29,21.5,450,0.4114105057116491,0.4237839319146561,False,0.23488424269271135
8080.TWO,2026-09-29,28.0,23,-0.045824413218131445,-0.04450309941753491,False,-0.2559200996887192
8083.TWO,2026-09-29,155.5,36,0.09256672768199753,0.21959468757587164,False,-0.2922150250420259
8088.TWO,2026-09-29,42.25,181,0.7398794856612806,0.5312804535734978,False,0.754411353868349
8091.TWO,2026-09-29,220.0,234,0.6037487787911504,0.48625832322352003,False,11.600991769230518
8092.TWO,2026-09-29,12.550000190734863,68,0.1769492055654124,0.21920781234769565,False,-0.10873816228107458
8097.TWO,2026-09-29,48.150001525878906,255,0.1614249676625907,0.279701876948933,False,-0.09078073781683571
8099.TWO,2026-09-29,59.79999923706055,21,0.09715944883038768,0.09200467290175847,False,1.451275234690641
8107.TWO,2026-09-29,12.050000190734863,16,0.12619646537106116,0.22066335000756002,False,-0.057264791363524026
8109.TWO,2026-09-29,134.5,171,0.27273494505973084,0.17566205958387826,False,7.1003383276955105
8171.TWO,2026-09-29,20.600000381469727,199,0.4477673905008617,0.425784454415748,False,1.0313247215623136
8182.TWO,2026-09-29,41.20000076293945,1575,1.1411376419961063,0.6231019709661052,False,3.289558430540069
8255.TWO,2026-09-29,145.0,265,0.6439192891154127,0.47587339733693435,False,10.929253984461724
8272.TWO,2026-09-29,65.5,1,0.13937408666594356,0.07531299309058502,False,2.4650182789811623
8279.TWO,2026-09-29,78.69999694824219,31,-0.23922127898326542,-0.4229567654749231,False,0.5644263682771253
8284.TWO,2026-09-29,68.0,13,-0.2627254171812881,-0.36700059650196726,False,1.987268079372825
8342.TWO,2026-09-29,83.5,7,0.126407762589255,0.10565810430216888,False,0.8766927217952798
8349.TWO,2026-09-29,39.599998474121094,140,0.03236418148917834,0.038645419628224875,False,1.5984714051416447
8354.TWO,2026-09-29,16.899999618530273,13,-0.06895905234123562,-0.060660342985926485,False,0.031381998748113205
8358.TWO,2026-09-29,498.0,13755,1.8317731120534464,0.45442829665992135,False,15.695187353884535
8383.TWO,2026-09-29,67.5999984741211,561,1.0523306439931486,0.5092518997315628,False,3.3248661952028726
8390.TWO,2026-09-29,89.4000015258789,284,0.3689352835954111,0.27975863904034615,True,-0.1473193983952541
8401.TWO,2026-09-29,22.75,9,-0.024307163414904312,-0.06060969471558077,False,0.1252105536122201
8403.TWO,2026-09-29,19.049999237060547,31,0.0283335102865852,0.08217748341655115,False,0.16313779665635053
8409.TWO,2026-09-29,18.0,7,0.36709899867638024,0.5614326777798868,False,0.009798917003632113
8410.TWO,2026-09-29,28.0,30,-0.16611620648010395,-0.15097352555366728,True,-0.4011852160749534
8415.TWO,2026-09-29,35.150001525878906,582,0.37564118038584055,0.4019921757925842,False,0.6046771914573341
8416.TWO,2026-09-29,169.0,4,0.11598817056914777,0.26074608000084115,False,0.410491242926156
8421.TWO,2026-09-29,12.850000381469727,26,-0.27043938953407454,-0.16967423364735187,False,0.33773393209027347
8423.TWO,2026-09-29,18.049999237060547,7,-0.03163874868893011,-0.07041835449041625,False,0.7212465776413453
8424.TWO,2026-09-29,70.0,9,0.013164253965097858,0.019360590511143437,False,1.6526890025775316
8426.TWO,2026-09-29,20.649999618530273,42,0.18442740745297279,0.27044192384717086,False,0.19454078091303728
8432.TWO,2026-09-29,50.599998474121094,68,0.09334738655122793,0.16274256174596427,False,0.5871173086978985
8433.TWO,2026-09-29,53.0,7,0.08013003526736746,0.2278448965567238,False,0.20013510908567156
8435.TWO,2026-09-29,53.0,14,0.05158088656706399,0.12716987900963495,False,0.140181436813144
8440.TWO,2026-09-29,20.950000762939453,112,0.03521492492635569,0.038829548160098745,False,1.1608573147173296
8446.TWO,2026-09-29,84.4000015258789,16,-0.027154801464286803,-0.06393192094429669,False,-0.014667503833038609
8450.TWO,2026-09-29,14.399999618530273,29,-0.04270743068540642,-0.06255025526653028,False,0.22295038395153455
8455.TWO,2026-09-29,22.100000381469727,1,-0.24725460125411797,-0.12467223304255205,False,-0.098872459861159
8477.TWO,2026-09-29,14.100000381469727,10,0.05584924480931289,0.048601831741146226,False,-0.45721094475142543
8489.TWO,2026-09-29,22.25,63,0.2315922522266843,0.11185665198348776,False,0.754529926639087
8905.TWO,2026-09-29,35.150001525878906,13,0.2648196549547958,0.2725299739014436,False,0.8915227647141677
8906.TWO,2026-09-29,28.799999237060547,8,0.1532348463339214,0.14306597531490978,False,0.4379301740710275
8908.TWO,2026-09-29,40.25,46,0.016695978261388432,0.030662370994293107,False,0.4688334667351839
8916.TWO,2026-09-29,41.099998474121094,73,0.011720961880700815,0.02714893266561449,False,0.303696213528454
8917.TWO,2026-09-29,54.5,5,0.46157635392596963,0.37216227259514706,False,2.4870592443785
8923.TWO,2026-09-29,18.450000762939453,11,-0.049885763374717576,-0.035905608967991706,False,0.23484842744191425
8924.TWO,2026-09-29,49.400001525878906,32,0.2649039007002157,0.39527656888124935,True,-0.14277913886342475
8927.TWO,2026-09-29,18.799999237060547,74,-0.15547587147270908,-0.11461133115263256,False,0.11824404012400436
8928.TWO,2026-09-29,22.899999618530273,16,0.3260786646663883,0.21384638358647334,False,0.17980731841876718
8929.TWO,2026-09-29,12.899999618530273,6,-0.17076030453461727,-0.29872205060201956,False,0.027866504065547915
8930.TWO,2026-09-29,28.700000762939453,20,-0.16852667623465892,-0.24995829472409686,False,0.05180186520380303
8931.TWO,2026-09-29,43.150001525878906,82,-0.20015962419454283,-0.18604275672767634,False,2.289713976313415
8932.TWO,2026-09-29,93.4000015258789,718,1.3605721390416587,0.6210255427448504,False,4.247182263063166
8935.TWO,2026-09-29,19.299999237060547,253,-0.2563607512777086,-0.11616950116713551,False,1.9701998211279665
8936.TWO,2026-09-29,51.900001525878906,534,0.1670690423919146,0.24063649675505705,False,1.5666003030830993
8938.TWO,2026-09-29,52.70000076293945,44,0.015326674269912875,0.010242911895238098,False,1.7651331651652526
8941.TWO,2026-09-29,44.0,3,0.034211805712457494,0.04013259269314412,False,0.3392884879733913
8942.TWO,2026-09-29,40.20000076293945,133,-0.023317654855665115,-0.03245532360719819,False,-0.3474068427080752
9949.TWO,2026-09-29,24.25,9,-0.27870183811861043,-0.4109875310750153,False,0.34028402401418845
9950.TWO,2026-09-29,10.25,12,0.07414508825492164,0.13321731482929855,False,0.0435817119322639
9951.TWO,2026-09-29,47.099998474121094,136,0.2577209068468676,0.4583583758398774,True,-0.5845445890987122
9962.TWO,2026-09-29,10.149999618530273,149,0.09871726008641744,0.15953885445717794,False,0.22026814962516994
